timestamp,bone_index,thumb_start_x_device_1,thumb_start_y_device_1,thumb_start_z_device_1,thumb_end_x_device_1,thumb_end_y_device_1,thumb_end_z_device_1,index_start_x_device_1,index_start_y_device_1,index_start_z_device_1,index_end_x_device_1,index_end_y_device_1,index_end_z_device_1,middle_start_x_device_1,middle_start_y_device_1,middle_start_z_device_1,middle_end_x_device_1,middle_end_y_device_1,middle_end_z_device_1,ring_start_x_device_1,ring_start_y_device_1,ring_start_z_device_1,ring_end_x_device_1,ring_end_y_device_1,ring_end_z_device_1,pinky_start_x_device_1,pinky_start_y_device_1,pinky_start_z_device_1,pinky_end_x_device_1,pinky_end_y_device_1,pinky_end_z_device_1,thumb_start_x_device_2,thumb_start_y_device_2,thumb_start_z_device_2,thumb_end_x_device_2,thumb_end_y_device_2,thumb_end_z_device_2,index_start_x_device_2,index_start_y_device_2,index_start_z_device_2,index_end_x_device_2,index_end_y_device_2,index_end_z_device_2,middle_start_x_device_2,middle_start_y_device_2,middle_start_z_device_2,middle_end_x_device_2,middle_end_y_device_2,middle_end_z_device_2,ring_start_x_device_2,ring_start_y_device_2,ring_start_z_device_2,ring_end_x_device_2,ring_end_y_device_2,ring_end_z_device_2,pinky_start_x_device_2,pinky_start_y_device_2,pinky_start_z_device_2,pinky_end_x_device_2,pinky_end_y_device_2,pinky_end_z_device_2,thumb_start_x_device_3,thumb_start_y_device_3,thumb_start_z_device_3,thumb_end_x_device_3,thumb_end_y_device_3,thumb_end_z_device_3,index_start_x_device_3,index_start_y_device_3,index_start_z_device_3,index_end_x_device_3,index_end_y_device_3,index_end_z_device_3,middle_start_x_device_3,middle_start_y_device_3,middle_start_z_device_3,middle_end_x_device_3,middle_end_y_device_3,middle_end_z_device_3,ring_start_x_device_3,ring_start_y_device_3,ring_start_z_device_3,ring_end_x_device_3,ring_end_y_device_3,ring_end_z_device_3,pinky_start_x_device_3,pinky_start_y_device_3,pinky_start_z_device_3,pinky_end_x_device_3,pinky_end_y_device_3,pinky_end_z_device_3
18:04:20,metacarpal,18.131591796875,173.9241485595703,42.442806243896484,18.131591796875,173.9241485595703,42.442806243896484,16.083152770996094,161.53643798828125,39.89578628540039,20.102121353149414,158.5384521484375,-10.705110549926758,10.531845092773438,157.01158142089844,37.28859329223633,8.217972755432129,151.6707763671875,-10.580009460449219,1.5709718465805054,154.947265625,36.331787109375,-6.562865734100342,147.9203338623047,-5.6072258949279785,-6.735866546630859,157.97669982910156,39.724605560302734,-18.75043296813965,148.2060089111328,2.7600936889648438,23.003007888793945,220.97882080078125,105.26197814941406,23.003007888793945,220.97882080078125,105.26197814941406,14.66395378112793,233.74136352539062,97.71173095703125,33.020301818847656,222.385498046875,32.71295166015625,6.551028251647949,233.0150146484375,93.56697845458984,15.33973217010498,220.5461883544922,30.433870315551758,-4.605120658874512,228.6134490966797,91.49217224121094,-5.367563724517822,215.8000030517578,34.60821533203125,-12.414206504821777,220.47775268554688,96.12471771240234,-20.931636810302734,209.5385284423828,43.954586029052734,22.97406768798828,227.24005126953125,49.954158782958984,22.97406768798828,227.24005126953125,49.954158782958984,17.276500701904297,213.23419189453125,45.36841583251953,27.272003173828125,215.6295166015625,-19.08698272705078,9.687538146972656,209.93319702148438,41.48310852050781,10.780062675476074,211.1002655029297,-20.3933162689209,-1.6252437829971313,210.57762145996094,39.53141403198242,-8.970718383789062,210.6917724609375,-15.554104804992676,-10.945380210876465,216.5611572265625,43.319244384765625,-24.54424476623535,213.8271026611328,-6.218979835510254
18:04:20,proximal,18.131591796875,173.9241485595703,42.442806243896484,42.90776824951172,183.7270965576172,25.028186798095703,20.102121353149414,158.5384521484375,-10.705110549926758,22.386795043945312,151.09764099121094,-34.27786636352539,8.217972755432129,151.6707763671875,-10.580009460449219,3.975029945373535,147.76419067382812,-36.19009780883789,-6.562865734100342,147.9203338623047,-5.6072258949279785,-9.148154258728027,144.44480895996094,-29.9778995513916,-18.75043296813965,148.2060089111328,2.7600936889648438,-21.243274688720703,139.61001586914062,-14.42880630493164,23.003007888793945,220.97882080078125,105.26197814941406,54.00681686401367,219.2761688232422,78.1499252319336,33.020301818847656,222.385498046875,32.71295166015625,37.537986755371094,220.74746704101562,1.0144747495651245,15.33973217010498,220.5461883544922,30.433870315551758,6.7350993156433105,220.70481872558594,-5.6107306480407715,-5.367563724517822,215.8000030517578,34.60821533203125,-9.405655860900879,219.441650390625,-0.9620450735092163,-20.931636810302734,209.5385284423828,43.954586029052734,-28.212505340576172,210.78158569335938,21.4005069732666,22.97406768798828,227.24005126953125,49.954158782958984,55.61077880859375,226.42813110351562,22.09041976928711,27.272003173828125,215.6295166015625,-19.08698272705078,31.088459014892578,206.12110900878906,-49.81856155395508,10.780062675476074,211.1002655029297,-20.3933162689209,3.764946937561035,206.98912048339844,-54.68063735961914,-8.970718383789062,210.6917724609375,-15.554104804992676,-13.619598388671875,204.85629272460938,-47.12755584716797,-24.54424476623535,213.8271026611328,-6.218979835510254,-29.110565185546875,201.12493896484375,-27.229446411132812
18:04:20,intermediate,42.90776824951172,183.7270965576172,25.028186798095703,55.21040725708008,190.6046600341797,15.352993965148926,22.386795043945312,151.09764099121094,-34.27786636352539,23.478071212768555,147.65504455566406,-51.20599365234375,3.975029945373535,147.76419067382812,-36.19009780883789,0.8714068531990051,145.59149169921875,-54.88774871826172,-9.148154258728027,144.44480895996094,-29.9778995513916,-11.27344036102295,144.45265197753906,-43.65535354614258,-21.243274688720703,139.61001586914062,-14.42880630493164,-23.125333786010742,133.98138427734375,-27.73794174194336,54.00681686401367,219.2761688232422,78.1499252319336,71.60006713867188,218.4995880126953,63.260860443115234,37.537986755371094,220.74746704101562,1.0144747495651245,41.678749084472656,217.9169158935547,-20.261686325073242,6.7350993156433105,220.70481872558594,-5.6107306480407715,1.9787826538085938,218.46987915039062,-30.66718864440918,-9.405655860900879,219.441650390625,-0.9620450735092163,-10.604348182678223,219.32369995117188,-21.210494995117188,-28.212505340576172,210.78158569335938,21.4005069732666,-31.84510040283203,207.7859649658203,3.754962205886841,55.61077880859375,226.42813110351562,22.09041976928711,72.50179290771484,226.430419921875,6.556184768676758,31.088459014892578,206.12110900878906,-49.81856155395508,32.9070930480957,200.89756774902344,-71.47846221923828,3.764946937561035,206.98912048339844,-54.68063735961914,-0.817249059677124,202.6354217529297,-79.43628692626953,-13.619598388671875,204.85629272460938,-47.12755584716797,-16.53507423400879,202.51992797851562,-65.31551361083984,-29.110565185546875,201.12493896484375,-27.229446411132812,-33.13815689086914,190.38034057617188,-44.23674774169922
18:04:20,distal,55.21040725708008,190.6046600341797,15.352993965148926,62.111366271972656,195.53182983398438,7.5807390213012695,23.478071212768555,147.65504455566406,-51.20599365234375,23.30832290649414,147.51739501953125,-65.3740234375,0.8714068531990051,145.59149169921875,-54.88774871826172,-1.6232645511627197,145.41229248046875,-67.13258361816406,-11.27344036102295,144.45265197753906,-43.65535354614258,-13.902750015258789,146.13198852539062,-53.61989974975586,-23.125333786010742,133.98138427734375,-27.73794174194336,-25.019428253173828,131.8197479248047,-36.91220474243164,71.60006713867188,218.4995880126953,63.260860443115234,81.93915557861328,216.1096954345703,52.01962661743164,41.678749084472656,217.9169158935547,-20.261686325073242,45.7361946105957,214.70852661132812,-37.41436767578125,1.9787826538085938,218.46987915039062,-30.66718864440918,-0.7378873229026794,215.20703125,-47.67255783081055,-10.604348182678223,219.32369995117188,-21.210494995117188,-11.559804916381836,217.7049102783203,-37.593196868896484,-31.84510040283203,207.7859649658203,3.754962205886841,-33.18628692626953,203.57363891601562,-8.820596694946289,72.50179290771484,226.430419921875,6.556184768676758,82.4300537109375,226.61337280273438,-5.480778217315674,32.9070930480957,200.89756774902344,-71.47846221923828,33.20185089111328,199.77500915527344,-89.27781677246094,-0.817249059677124,202.6354217529297,-79.43628692626953,-3.321314811706543,200.74545288085938,-95.40937042236328,-16.53507423400879,202.51992797851562,-65.31551361083984,-19.191614151000977,202.42527770996094,-78.95651245117188,-33.13815689086914,190.38034057617188,-44.23674774169922,-36.46872329711914,184.95806884765625,-56.219398498535156
18:04:21,metacarpal,16.84772300720215,173.13194274902344,42.45013427734375,16.84772300720215,173.13194274902344,42.45013427734375,14.889595031738281,160.7104949951172,39.97928237915039,19.20444107055664,157.60227966308594,-10.638411521911621,9.26738166809082,156.13526916503906,37.37310028076172,7.228035926818848,150.6871795654297,-10.541330337524414,0.2547248601913452,154.06680297851562,36.36578369140625,-7.643973350524902,146.94300842285156,-5.643601417541504,-8.083507537841797,157.1226348876953,39.65681838989258,-19.894927978515625,147.26271057128906,2.6099607944488525,21.738391876220703,218.94598388671875,104.22373962402344,21.738391876220703,218.94598388671875,104.22373962402344,13.543113708496094,231.7309112548828,96.62890625,31.62883949279785,219.96829223632812,31.74818992614746,5.409160137176514,231.07205200195312,92.52488708496094,13.936480522155762,218.300048828125,29.529165267944336,-5.799680709838867,226.77627563476562,90.50130462646484,-6.798170566558838,213.77825927734375,33.76369094848633,-13.689302444458008,218.7671661376953,95.19498443603516,-22.401622772216797,207.73455810546875,43.170921325683594,22.06511878967285,224.98577880859375,48.1187858581543,22.06511878967285,224.98577880859375,48.1187858581543,16.354169845581055,211.0273895263672,43.62811279296875,26.34394073486328,213.22100830078125,-20.742414474487305,8.682120323181152,207.6649932861328,39.80095291137695,9.776516914367676,208.67498779296875,-21.991130828857422,-2.701521396636963,208.39224243164062,37.841400146484375,-10.037363052368164,208.40206909179688,-17.16667366027832,-12.071393966674805,214.41043090820312,41.56681442260742,-25.66336441040039,211.61532592773438,-7.894758224487305
18:04:21,proximal,16.84772300720215,173.13194274902344,42.45013427734375,41.66001510620117,182.71958923339844,24.97126007080078,19.20444107055664,157.60227966308594,-10.638411521911621,21.64703941345215,150.07357788085938,-34.00934982299805,7.228035926818848,150.6871795654297,-10.541330337524414,3.097492218017578,146.83314514160156,-36.116458892822266,-7.643973350524902,146.94300842285156,-5.643601417541504,-10.391979217529297,143.52822875976562,-30.08639907836914,-19.894927978515625,147.26271057128906,2.6099607944488525,-22.537485122680664,138.6206817626953,-14.662801742553711,21.738391876220703,218.94598388671875,104.22373962402344,52.897274017333984,217.23561096191406,77.22702026367188,31.62883949279785,219.96829223632812,31.74818992614746,36.178138732910156,218.70932006835938,0.10441988706588745,13.936480522155762,218.300048828125,29.529165267944336,5.299188137054443,218.52011108398438,-6.444733619689941,-6.798170566558838,213.77825927734375,33.76369094848633,-10.699409484863281,217.6159210205078,-1.7734653949737549,-22.401622772216797,207.73455810546875,43.170921325683594,-29.73661994934082,209.04638671875,20.62237548828125,22.06511878967285,224.98577880859375,48.1187858581543,54.685787200927734,223.92681884765625,20.3660945892334,26.34394073486328,213.22100830078125,-20.742414474487305,30.048965454101562,203.77044677734375,-51.4296989440918,9.776516914367676,208.67498779296875,-21.991130828857422,2.5799992084503174,204.54544067382812,-56.13441848754883,-10.037363052368164,208.40206909179688,-17.16667366027832,-14.833645820617676,202.58200073242188,-48.707618713378906,-25.66336441040039,211.61532592773438,-7.894758224487305,-30.310728073120117,199.0323028564453,-28.783287048339844
18:04:21,intermediate,41.66001510620117,182.71958923339844,24.97126007080078,54.04901885986328,189.54893493652344,15.40674877166748,21.64703941345215,150.07357788085938,-34.00934982299805,22.730722427368164,146.4846649169922,-50.83810043334961,3.097492218017578,146.83314514160156,-36.116458892822266,0.0036563724279403687,144.76612854003906,-54.87774658203125,-10.391979217529297,143.52822875976562,-30.08639907836914,-12.52101993560791,143.41476440429688,-43.82481384277344,-22.537485122680664,138.6206817626953,-14.662801742553711,-24.47579002380371,132.9618377685547,-27.973358154296875,52.897274017333984,217.23561096191406,77.22702026367188,70.51505279541016,216.4476318359375,62.25345993041992,36.178138732910156,218.70932006835938,0.10441988706588745,40.29301452636719,216.3339385986328,-21.160070419311523,5.299188137054443,218.52011108398438,-6.444733619689941,0.5094709396362305,216.55355834960938,-31.572978973388672,-10.699409484863281,217.6159210205078,-1.7734653949737549,-11.855128288269043,217.6879425048828,-22.045764923095703,-29.73661994934082,209.04638671875,20.62237548828125,-33.495628356933594,206.23965454101562,2.937883138656616,54.685787200927734,223.92681884765625,20.3660945892334,71.53813934326172,223.8104705810547,4.880239486694336,30.048965454101562,203.77044677734375,-51.4296989440918,31.800926208496094,198.5960235595703,-73.0738296508789,2.5799992084503174,204.54544067382812,-56.13441848754883,-2.032871961593628,200.2649383544922,-80.80248260498047,-14.833645820617676,202.58200073242188,-48.707618713378906,-17.679128646850586,200.25860595703125,-66.85282135009766,-30.310728073120117,199.0323028564453,-28.783287048339844,-34.30326843261719,188.36598205566406,-45.71098709106445
18:04:21,distal,54.04901885986328,189.54893493652344,15.40674877166748,60.97827911376953,194.46829223632812,7.698023319244385,22.730722427368164,146.4846649169922,-50.83810043334961,22.514097213745117,146.15957641601562,-64.93511199951172,0.0036563724279403687,144.76612854003906,-54.87774658203125,-2.470423460006714,144.60581970214844,-67.14910888671875,-12.52101993560791,143.41476440429688,-43.82481384277344,-15.116385459899902,144.888916015625,-53.785118103027344,-24.47579002380371,132.9618377685547,-27.973358154296875,-26.356182098388672,130.71229553222656,-37.07395553588867,70.51505279541016,216.4476318359375,62.25345993041992,80.79188537597656,214.07730102539062,50.90302658081055,40.29301452636719,216.3339385986328,-21.160070419311523,44.31521987915039,213.54608154296875,-38.33497619628906,0.5094709396362305,216.55355834960938,-31.572978973388672,-2.222163677215576,213.5480499267578,-48.675899505615234,-11.855128288269043,217.6879425048828,-22.045764923095703,-12.74841594696045,216.21315002441406,-38.423072814941406,-33.495628356933594,206.23965454101562,2.937883138656616,-34.972816467285156,202.23301696777344,-9.789068222045898,71.53813934326172,223.8104705810547,4.880239486694336,81.42903137207031,223.93133544921875,-7.135715484619141,31.800926208496094,198.5960235595703,-73.0738296508789,32.039024353027344,197.50033569335938,-90.84215545654297,-2.032871961593628,200.2649383544922,-80.80248260498047,-4.520392894744873,198.4368133544922,-96.75458526611328,-17.679128646850586,200.25860595703125,-66.85282135009766,-20.301177978515625,200.17422485351562,-80.5296630859375,-34.30326843261719,188.36598205566406,-45.71098709106445,-37.59663391113281,183.020751953125,-57.63521194458008
18:04:22,metacarpal,16.888158798217773,171.94784545898438,41.87425994873047,16.888158798217773,171.94784545898438,41.87425994873047,14.774564743041992,159.52789306640625,39.35572814941406,19.010700225830078,156.38705444335938,-11.340700149536133,9.144684791564941,154.96078491210938,36.770782470703125,7.008315086364746,149.51182556152344,-11.209735870361328,0.12940655648708344,152.9447784423828,35.7669563293457,-7.875985622406006,145.85037231445312,-6.291955947875977,-8.199854850769043,156.0334014892578,39.0680046081543,-20.13193130493164,146.22085571289062,1.9843019247055054,19.486286163330078,219.03134155273438,104.29191589355469,19.486286163330078,219.03134155273438,104.29191589355469,11.324507713317871,231.82191467285156,96.7122802734375,29.05898666381836,219.87559509277344,31.896114349365234,3.1672942638397217,231.17111206054688,92.64791870117188,11.36584758758545,218.24932861328125,29.757667541503906,-8.078741073608398,226.89794921875,90.70713806152344,-9.36211109161377,213.79283142089844,34.10609817504883,-16.007770538330078,218.95687866210938,95.47367095947266,-24.964786529541016,207.8470916748047,43.60692596435547,19.69794464111328,224.9196319580078,48.43462371826172,19.69794464111328,224.9196319580078,48.43462371826172,14.11318588256836,210.95071411132812,43.88395690917969,23.858068466186523,213.2611846923828,-20.559505462646484,6.380206108093262,207.4542236328125,40.080814361572266,7.246913433074951,208.48338317871094,-21.751583099365234,-5.0535149574279785,208.09437561035156,38.129207611083984,-12.586806297302246,208.03036499023438,-16.88567543029785,-14.449728012084961,213.93043518066406,41.86957550048828,-28.19246482849121,210.99130249023438,-7.573940753936768
18:04:22,proximal,16.888158798217773,171.94784545898438,41.87425994873047,41.592864990234375,181.27593994140625,24.319456100463867,19.010700225830078,156.38705444335938,-11.340700149536133,21.314409255981445,148.8780059814453,-34.87871551513672,7.008315086364746,149.51182556152344,-11.209735870361328,2.5043935775756836,145.54275512695312,-36.885581970214844,-7.875985622406006,145.85037231445312,-6.291955947875977,-10.657278060913086,142.45626831054688,-30.69338035583496,-20.13193130493164,146.22085571289062,1.9843019247055054,-22.736080169677734,137.6339569091797,-15.182573318481445,19.486286163330078,219.03134155273438,104.29191589355469,50.34201431274414,216.89840698242188,77.03193664550781,29.05898666381836,219.87559509277344,31.896114349365234,33.63632583618164,218.25180053710938,0.34416094422340393,11.36584758758545,218.24932861328125,29.757667541503906,2.8025143146514893,218.75137329101562,-5.996253490447998,-9.36211109161377,213.79283142089844,34.10609817504883,-13.091647148132324,217.21035766601562,-1.4169402122497559,-24.964786529541016,207.8470916748047,43.60692596435547,-32.342891693115234,209.375,21.033756256103516,19.69794464111328,224.9196319580078,48.43462371826172,52.426876068115234,223.872802734375,20.347230911254883,23.858068466186523,213.2611846923828,-20.559505462646484,27.42350196838379,203.4381561279297,-51.1978759765625,7.246913433074951,208.48338317871094,-21.751583099365234,-0.24899409711360931,204.27366638183594,-55.956356048583984,-12.586806297302246,208.03036499023438,-16.88567543029785,-17.102615356445312,202.72061157226562,-48.6434211730957,-28.19246482849121,210.99130249023438,-7.573940753936768,-33.03575897216797,198.71836853027344,-28.60853385925293
18:04:22,intermediate,41.592864990234375,181.27593994140625,24.319456100463867,53.77259063720703,187.903076171875,14.603001594543457,21.314409255981445,148.8780059814453,-34.87871551513672,22.319217681884766,145.34664916992188,-51.78959655761719,2.5043935775756836,145.54275512695312,-36.885581970214844,-0.8373246788978577,143.3102264404297,-55.66792297363281,-10.657278060913086,142.45626831054688,-30.69338035583496,-12.796182632446289,142.38706970214844,-44.44823455810547,-22.736080169677734,137.6339569091797,-15.182573318481445,-24.665945053100586,131.99371337890625,-28.455541610717773,50.34201431274414,216.89840698242188,77.03193664550781,67.87083435058594,215.98570251464844,62.05619430541992,33.63632583618164,218.25180053710938,0.34416094422340393,37.75600814819336,215.580810546875,-20.76680564880371,2.8025143146514893,218.75137329101562,-5.996253490447998,-1.971716046333313,217.07464599609375,-30.972171783447266,-13.091647148132324,217.21035766601562,-1.4169402122497559,-14.142348289489746,216.97930908203125,-21.606746673583984,-32.342891693115234,209.375,21.033756256103516,-36.19712829589844,206.89822387695312,3.22645902633667,52.426876068115234,223.872802734375,20.347230911254883,69.35870361328125,223.65628051757812,4.750486850738525,27.42350196838379,203.4381561279297,-51.1978759765625,29.019550323486328,198.09950256347656,-72.86797332763672,-0.24899409711360931,204.27366638183594,-55.956356048583984,-5.057288646697998,200.0511932373047,-80.71575164794922,-17.102615356445312,202.72061157226562,-48.6434211730957,-19.753211975097656,200.70045471191406,-66.80859375,-33.03575897216797,198.71836853027344,-28.60853385925293,-37.18593215942383,188.5260009765625,-45.61552429199219
18:04:22,distal,53.77259063720703,187.903076171875,14.603001594543457,60.38554763793945,192.695556640625,6.662917613983154,22.319217681884766,145.34664916992188,-51.78959655761719,22.061304092407227,145.12673950195312,-65.92155456542969,-0.8373246788978577,143.3102264404297,-55.66792297363281,-3.441044569015503,143.0458221435547,-67.9512710571289,-12.796182632446289,142.38706970214844,-44.44823455810547,-15.42867374420166,143.9457550048828,-54.48350143432617,-24.665945053100586,131.99371337890625,-28.455541610717773,-26.568988800048828,129.83963012695312,-37.570709228515625,67.87083435058594,215.98570251464844,62.05619430541992,78.08222961425781,213.5932159423828,50.81407165527344,37.75600814819336,215.580810546875,-20.76680564880371,41.7487907409668,212.52523803710938,-37.773197174072266,-1.971716046333313,217.07464599609375,-30.972171783447266,-4.7063374519348145,214.2349853515625,-48.05292510986328,-14.142348289489746,216.97930908203125,-21.606746673583984,-14.960823059082031,215.3236846923828,-37.89262771606445,-36.19712829589844,206.89822387695312,3.22645902633667,-37.830326080322266,203.1844482421875,-9.693052291870117,69.35870361328125,223.65628051757812,4.750486850738525,79.16801452636719,223.6120147705078,-7.251654624938965,29.019550323486328,198.09950256347656,-72.86797332763672,29.061840057373047,196.87278747558594,-90.69325256347656,-5.057288646697998,200.0511932373047,-80.71575164794922,-7.678131580352783,198.2782440185547,-96.6513442993164,-19.753211975097656,200.70045471191406,-66.80859375,-22.173303604125977,200.7709197998047,-80.37089538574219,-37.18593215942383,188.5260009765625,-45.61552429199219,-40.59491729736328,183.53048706054688,-57.571746826171875
18:04:23,metacarpal,13.422910690307617,172.63795471191406,42.045494079589844,13.422910690307617,172.63795471191406,42.045494079589844,11.488669395446777,160.67764282226562,39.182533264160156,15.661580085754395,159.77188110351562,-11.719801902770996,5.754626274108887,156.27081298828125,36.5706901550293,3.5284230709075928,152.97552490234375,-11.707377433776855,-3.276433229446411,154.38693237304688,35.43303680419922,-11.389470100402832,149.21884155273438,-6.982314586639404,-11.525331497192383,157.31092834472656,38.73586654663086,-23.586877822875977,149.2253875732422,1.1852151155471802,-0.19546225666999817,235.3666229248047,114.16314697265625,-0.19546225666999817,235.3666229248047,114.16314697265625,-14.40935230255127,229.33065795898438,108.03996276855469,-22.76055335998535,264.5284729003906,49.89401626586914,-13.901268005371094,223.1020050048828,102.68701171875,-20.232826232910156,248.77163696289062,43.37066650390625,-10.02660083770752,214.0037078857422,97.27308654785156,-13.833446502685547,228.97665405273438,41.05014419555664,-0.6303887963294983,206.2267608642578,97.6595458984375,-4.552626132965088,212.34951782226562,44.17743682861328,20.355083465576172,224.4860076904297,49.19340515136719,20.355083465576172,224.4860076904297,49.19340515136719,14.63845157623291,210.46273803710938,44.57585906982422,24.177221298217773,212.7832794189453,-19.963735580444336,6.964670181274414,206.99456787109375,40.76970672607422,7.624471664428711,208.03753662109375,-21.1265869140625,-4.439251899719238,207.6240692138672,38.8453369140625,-12.165472030639648,207.5766143798828,-16.1986141204834,-13.823049545288086,213.507080078125,42.66374206542969,-27.747896194458008,210.58436584472656,-6.783010482788086
18:04:23,proximal,13.422910690307617,172.63795471191406,42.045494079589844,37.9514045715332,184.23997497558594,23.97476577758789,15.661580085754395,159.77188110351562,-11.719801902770996,15.928544044494629,153.8342742919922,-35.38603210449219,3.5284230709075928,152.97552490234375,-11.707377433776855,-0.4633848965167999,149.9105682373047,-38.617305755615234,-11.389470100402832,149.21884155273438,-6.982314586639404,-13.301615715026855,147.91464233398438,-32.31758499145508,-23.586877822875977,149.2253875732422,1.1852151155471802,-27.048952102661133,143.21475219726562,-17.101381301879883,-0.19546225666999817,235.3666229248047,114.16314697265625,0.19349810481071472,270.2803039550781,88.7663803100586,-22.76055335998535,264.5284729003906,49.89401626586914,-16.50835609436035,273.8454895019531,22.358776092529297,-20.232826232910156,248.77163696289062,43.37066650390625,-16.779207229614258,255.504638671875,8.283719062805176,-13.833446502685547,228.97665405273438,41.05014419555664,-15.451108932495117,236.88267517089844,7.828839302062988,-4.552626132965088,212.34951782226562,44.17743682861328,-4.678264141082764,218.6670684814453,20.373672485351562,20.355083465576172,224.4860076904297,49.19340515136719,53.069000244140625,223.6746368408203,21.120141983032227,24.177221298217773,212.7832794189453,-19.963735580444336,27.760868072509766,202.8834991455078,-50.77541732788086,7.624471664428711,208.03753662109375,-21.1265869140625,0.33631595969200134,203.89674377441406,-55.43986892700195,-12.165472030639648,207.5766143798828,-16.1986141204834,-16.54997444152832,201.99424743652344,-47.982810974121094,-27.747896194458008,210.58436584472656,-6.783010482788086,-32.420413970947266,198.12828063964844,-27.827924728393555
18:04:23,intermediate,37.9514045715332,184.23997497558594,23.97476577758789,49.917606353759766,191.7592010498047,13.701373100280762,15.928544044494629,153.8342742919922,-35.38603210449219,15.06401538848877,151.93991088867188,-52.09267807006836,-0.4633848965167999,149.9105682373047,-38.617305755615234,-3.5184454917907715,148.17967224121094,-58.19926452636719,-13.301615715026855,147.91464233398438,-32.31758499145508,-14.591419219970703,148.6523895263672,-46.381046295166016,-27.048952102661133,143.21475219726562,-17.101381301879883,-29.38355827331543,140.25314331054688,-30.316442489624023,0.19349810481071472,270.2803039550781,88.7663803100586,3.0514132976531982,286.2585754394531,71.7447509765625,-16.50835609436035,273.8454895019531,22.358776092529297,-4.995502471923828,278.165283203125,8.035138130187988,-16.779207229614258,255.504638671875,8.283719062805176,-8.238093376159668,259.9231262207031,-14.617853164672852,-15.451108932495117,236.88267517089844,7.828839302062988,-12.055305480957031,243.13255310058594,-10.515183448791504,-4.678264141082764,218.6670684814453,20.373672485351562,-1.9781887531280518,226.0389404296875,3.7676990032196045,53.069000244140625,223.6746368408203,21.120141983032227,70.01996612548828,223.6592559814453,5.5523247718811035,27.760868072509766,202.8834991455078,-50.77541732788086,29.46577262878418,197.30136108398438,-72.56438446044922,0.33631595969200134,203.89674377441406,-55.43986892700195,-4.3094801902771,199.63690185546875,-80.20376586914062,-16.54997444152832,201.99424743652344,-47.982810974121094,-19.180076599121094,199.84246826171875,-66.22531127929688,-32.420413970947266,198.12828063964844,-27.827924728393555,-36.324668884277344,187.63560485839844,-44.82548522949219
18:04:23,distal,49.917606353759766,191.7592010498047,13.701373100280762,55.70216751098633,197.0679473876953,5.354882717132568,15.06401538848877,151.93991088867188,-52.09267807006836,13.468273162841797,152.84042358398438,-65.6247787475586,-3.5184454917907715,148.17967224121094,-58.19926452636719,-6.033181190490723,147.935302734375,-70.7319564819336,-14.591419219970703,148.6523895263672,-46.381046295166016,-16.487957000732422,150.18777465820312,-56.400447845458984,-29.38355827331543,140.25314331054688,-30.316442489624023,-31.22603988647461,139.48223876953125,-39.0457763671875,3.0514132976531982,286.2585754394531,71.7447509765625,8.744157791137695,290.89532470703125,58.84639358520508,-4.995502471923828,278.165283203125,8.035138130187988,5.779724597930908,280.0080261230469,-0.8958280086517334,-8.238093376159668,259.9231262207031,-14.617853164672852,-0.7915338277816772,263.298828125,-29.049142837524414,-12.055305480957031,243.13255310058594,-10.515183448791504,-7.50027322769165,248.39308166503906,-24.376243591308594,-1.9781887531280518,226.0389404296875,3.7676990032196045,2.364661455154419,231.7051239013672,-7.031060695648193,70.01996612548828,223.6592559814453,5.5523247718811035,79.9488296508789,223.7892303466797,-6.430141448974609,29.46577262878418,197.30136108398438,-72.56438446044922,29.59750747680664,195.87469482421875,-90.47828674316406,-4.3094801902771,199.63690185546875,-80.20376586914062,-6.8196587562561035,197.81979370117188,-96.17231750488281,-19.180076599121094,199.84246826171875,-66.22531127929688,-21.63341522216797,199.86485290527344,-79.95929718017578,-36.324668884277344,187.63560485839844,-44.82548522949219,-39.54933166503906,182.38336181640625,-56.756160736083984
18:04:24,metacarpal,,,,,,,,,,,,,,,,,,,,,,,,,,,,,,,1.8240418434143066,201.71685791015625,97.55839538574219,1.8240418434143066,201.71685791015625,97.55839538574219,10.409567832946777,189.21575927734375,88.85248565673828,-8.930608749389648,203.77601623535156,21.873355865478516,17.718135833740234,189.51504516601562,84.10388946533203,8.402565956115723,204.62631225585938,18.939029693603516,28.884305953979492,193.5582275390625,81.33382415771484,29.5952205657959,208.30874633789062,22.520299911499023,38.15085220336914,201.35289001464844,85.909423828125,46.87165832519531,213.58425903320312,31.823701858520508,,,,,,,,,,,,,,,,,,,,,,,,,,,,,,
18:04:24,proximal,,,,,,,,,,,,,,,,,,,,,,,,,,,,,,,1.8240418434143066,201.71685791015625,97.55839538574219,-40.20851135253906,206.3722686767578,72.78646850585938,-8.930608749389648,203.77601623535156,21.873355865478516,-18.083038330078125,200.94717407226562,-10.908201217651367,8.402565956115723,204.62631225585938,18.939029693603516,10.778745651245117,199.85948181152344,-17.215463638305664,29.5952205657959,208.30874633789062,22.520299911499023,31.193225860595703,212.4967041015625,-11.597808837890625,46.87165832519531,213.58425903320312,31.823701858520508,47.92810821533203,221.91880798339844,6.445314884185791,,,,,,,,,,,,,,,,,,,,,,,,,,,,,,
18:04:24,intermediate,,,,,,,,,,,,,,,,,,,,,,,,,,,,,,,-40.20851135253906,206.3722686767578,72.78646850585938,-63.56743621826172,208.5745849609375,56.6312141418457,-18.083038330078125,200.94717407226562,-10.908201217651367,-24.428436279296875,202.7554931640625,-32.77439880371094,10.778745651245117,199.85948181152344,-17.215463638305664,10.784012794494629,200.5881805419922,-42.994293212890625,31.193225860595703,212.4967041015625,-11.597808837890625,30.741243362426758,217.4119415283203,-28.90342903137207,47.92810821533203,221.91880798339844,6.445314884185791,43.58628463745117,230.86920166015625,-9.091157913208008,,,,,,,,,,,,,,,,,,,,,,,,,,,,,,
18:04:24,distal,,,,,,,,,,,,,,,,,,,,,,,,,,,,,,,-63.56743621826172,208.5745849609375,56.6312141418457,-76.95828247070312,211.8189697265625,43.48613739013672,-24.428436279296875,202.7554931640625,-32.77439880371094,-29.062946319580078,206.98638916015625,-49.601314544677734,10.784012794494629,200.5881805419922,-42.994293212890625,10.120818138122559,203.9149169921875,-59.87746810913086,30.741243362426758,217.4119415283203,-28.90342903137207,28.906150817871094,222.4293212890625,-40.72565841674805,43.58628463745117,230.86920166015625,-9.091157913208008,39.170196533203125,237.40106201171875,-17.837743759155273,,,,,,,,,,,,,,,,,,,,,,,,,,,,,,
18:04:25,metacarpal,,,,,,,,,,,,,,,,,,,,,,,,,,,,,,,-0.8061686754226685,201.90476989746094,93.87709045410156,-0.8061686754226685,201.90476989746094,93.87709045410156,8.936994552612305,189.96923828125,84.93566131591797,-12.185291290283203,204.85276794433594,18.323463439941406,15.827216148376465,190.82089233398438,79.99391174316406,4.742631912231445,206.76263427734375,15.079297065734863,26.45254898071289,195.57000732421875,77.04195404052734,25.522079467773438,211.56556701660156,18.356101989746094,35.166656494140625,203.65823364257812,81.40361022949219,42.46323013305664,217.46937561035156,27.300071716308594,,,,,,,,,,,,,,,,,,,,,,,,,,,,,,
18:04:25,proximal,,,,,,,,,,,,,,,,,,,,,,,,,,,,,,,-0.8061686754226685,201.90476989746094,93.87709045410156,-42.282222747802734,205.7135467529297,69.6207275390625,-12.185291290283203,204.85276794433594,18.323463439941406,-21.423887252807617,202.72752380371094,-14.223575592041016,4.742631912231445,206.76263427734375,15.079297065734863,5.874790191650391,202.92311096191406,-21.513431549072266,25.522079467773438,211.56556701660156,18.356101989746094,26.812114715576172,214.23532104492188,-16.099273681640625,42.46323013305664,217.46937561035156,27.300071716308594,42.41689682006836,225.8638458251953,1.9413232803344727,,,,,,,,,,,,,,,,,,,,,,,,,,,,,,
18:04:25,intermediate,,,,,,,,,,,,,,,,,,,,,,,,,,,,,,,-42.282222747802734,205.7135467529297,69.6207275390625,-65.45002746582031,207.8236083984375,53.665138244628906,-21.423887252807617,202.72752380371094,-14.223575592041016,-27.983692169189453,204.88470458984375,-35.94758987426758,5.874790191650391,202.92311096191406,-21.513431549072266,4.6650190353393555,203.9551239013672,-47.861473083496094,26.812114715576172,214.23532104492188,-16.099273681640625,26.39356231689453,218.65737915039062,-33.945098876953125,42.41689682006836,225.8638458251953,1.9413232803344727,37.25992965698242,234.73219299316406,-13.272762298583984,,,,,,,,,,,,,,,,,,,,,,,,,,,,,,
18:04:25,distal,,,,,,,,,,,,,,,,,,,,,,,,,,,,,,,-65.45002746582031,207.8236083984375,53.665138244628906,-78.98194885253906,211.16018676757812,40.550140380859375,-27.983692169189453,204.88470458984375,-35.94758987426758,-32.8930549621582,209.33343505859375,-52.58726501464844,4.6650190353393555,203.9551239013672,-47.861473083496094,2.907632827758789,207.51051330566406,-64.88407897949219,26.39356231689453,218.65737915039062,-33.945098876953125,24.338712692260742,223.79270935058594,-46.21672058105469,37.25992965698242,234.73219299316406,-13.272762298583984,32.16291427612305,241.35919189453125,-21.68803596496582,,,,,,,,,,,,,,,,,,,,,,,,,,,,,,
18:04:26,metacarpal,21.420686721801758,153.4429473876953,32.89809799194336,21.420686721801758,153.4429473876953,32.89809799194336,20.84608268737793,141.01976013183594,31.15448760986328,13.902276039123535,141.7648162841797,-23.121259689331055,13.874574661254883,137.09487915039062,31.278690338134766,0.6337401866912842,135.64112854003906,-18.878116607666016,2.9972634315490723,135.76913452148438,32.8823127746582,-15.249895095825195,132.50399780273438,-9.864957809448242,-5.5706682205200195,139.28843688964844,38.828556060791016,-27.099702835083008,132.99693298339844,1.9882665872573853,-11.086150169372559,224.26828002929688,103.53053283691406,-11.086150169372559,224.26828002929688,103.53053283691406,-19.175594329833984,215.6940460205078,92.3553237915039,-8.552424430847168,252.0501251220703,32.60684585571289,-15.888773918151855,209.0606689453125,86.25235748291016,-1.5184251070022583,236.00100708007812,26.51651954650879,-8.648526191711426,201.0013885498047,82.2077407836914,8.385201454162598,217.28855895996094,26.77688980102539,0.7948235273361206,194.0963134765625,86.0960464477539,17.88825035095215,201.24375915527344,33.50740051269531,,,,,,,,,,,,,,,,,,,,,,,,,,,,,,
18:04:26,proximal,21.420686721801758,153.4429473876953,32.89809799194336,22.756010055541992,155.63294982910156,-2.588489055633545,13.902276039123535,141.7648162841797,-23.121259689331055,8.250238418579102,138.00897216796875,-47.04866409301758,0.6337401866912842,135.64112854003906,-18.878116607666016,-2.0128917694091797,136.22015380859375,-48.59767150878906,-15.249895095825195,132.50399780273438,-9.864957809448242,-20.841575622558594,133.6933135986328,-37.04912185668945,-27.099702835083008,132.99693298339844,1.9882665872573853,-37.82677459716797,136.8917694091797,-8.310988426208496,-11.086150169372559,224.26828002929688,103.53053283691406,-23.27120590209961,260.2514343261719,80.20800018310547,-8.552424430847168,252.0501251220703,32.60684585571289,2.3053171634674072,263.0335693359375,4.699468612670898,-1.5184251070022583,236.00100708007812,26.51651954650879,5.388833045959473,242.63418579101562,-10.582767486572266,8.385201454162598,217.28855895996094,26.77688980102539,10.521114349365234,222.78927612304688,-9.048879623413086,17.88825035095215,201.24375915527344,33.50740051269531,22.57584571838379,205.20510864257812,7.709231376647949,,,,,,,,,,,,,,,,,,,,,,,,,,,,,,
18:04:26,intermediate,22.756010055541992,155.63294982910156,-2.588489055633545,19.92466926574707,156.45831298828125,-22.43743324279785,8.250238418579102,138.00897216796875,-47.04866409301758,2.0177066326141357,140.2972869873047,-62.54690933227539,-2.0128917694091797,136.22015380859375,-48.59767150878906,-3.728091239929199,141.88365173339844,-70.39615631103516,-20.841575622558594,133.6933135986328,-37.04912185668945,-23.721940994262695,139.03086853027344,-51.891475677490234,-37.82677459716797,136.8917694091797,-8.310988426208496,-41.984073638916016,145.431640625,-12.341009140014648,-23.27120590209961,260.2514343261719,80.20800018310547,-31.943281173706055,279.8746032714844,66.65949249267578,2.3053171634674072,263.0335693359375,4.699468612670898,14.048894882202148,270.91259765625,-9.325079917907715,5.388833045959473,242.63418579101562,-10.582767486572266,13.368766784667969,248.3697509765625,-34.38182067871094,10.521114349365234,222.78927612304688,-9.048879623413086,13.158761024475098,227.48634338378906,-28.804489135742188,22.57584571838379,205.20510864257812,7.709231376647949,27.718626022338867,211.75262451171875,-8.344017028808594,,,,,,,,,,,,,,,,,,,,,,,,,,,,,,
18:04:26,distal,19.92466926574707,156.45831298828125,-22.43743324279785,13.16064167022705,157.10264587402344,-34.035987854003906,2.0177066326141357,140.2972869873047,-62.54690933227539,-4.7686767578125,143.12449645996094,-73.56434631347656,-3.728091239929199,141.88365173339844,-70.39615631103516,-5.926151752471924,147.17372131347656,-83.29267120361328,-23.721940994262695,139.03086853027344,-51.891475677490234,-26.734024047851562,143.78048706054688,-61.73661422729492,-41.984073638916016,145.431640625,-12.341009140014648,-42.74711608886719,152.63282775878906,-12.883913040161133,-31.943281173706055,279.8746032714844,66.65949249267578,-34.67754364013672,291.31414794921875,56.9519157409668,14.048894882202148,270.91259765625,-9.325079917907715,24.352209091186523,276.55108642578125,-19.200868606567383,13.368766784667969,248.3697509765625,-34.38182067871094,19.341428756713867,252.68045043945312,-50.24425506591797,13.158761024475098,227.48634338378906,-28.804489135742188,15.95012092590332,230.66921997070312,-43.840782165527344,27.718626022338867,211.75262451171875,-8.344017028808594,32.214691162109375,216.83241271972656,-18.94907569885254,,,,,,,,,,,,,,,,,,,,,,,,,,,,,,
18:04:27,metacarpal,14.011910438537598,164.62269592285156,34.99938201904297,14.011910438537598,164.62269592285156,34.99938201904297,11.67527961730957,151.86358642578125,32.24574279785156,19.040529251098633,150.5504150390625,-21.354652404785156,5.6812825202941895,147.39718627929688,29.14523696899414,6.054703712463379,143.7552947998047,-22.047447204589844,-3.8296666145324707,145.69252014160156,27.312759399414062,-10.08047866821289,140.26856994628906,-18.01781463623047,-12.665457725524902,149.0433349609375,30.273067474365234,-23.463645935058594,140.6688690185547,-10.134498596191406,19.870161056518555,204.08758544921875,90.54814147949219,19.870161056518555,204.08758544921875,90.54814147949219,12.867857933044434,217.49354553222656,82.47077941894531,30.787445068359375,201.3927459716797,16.34835433959961,4.390137195587158,217.23812866210938,78.31246185302734,12.411827087402344,200.9425048828125,14.093901634216309,-7.598625659942627,213.6864013671875,76.38130950927734,-9.399115562438965,198.17132568359375,18.533567428588867,-16.554433822631836,206.41807556152344,81.49938201904297,-26.13465118408203,193.72386169433594,28.36157989501953,,,,,,,,,,,,,,,,,,,,,,,,,,,,,,
18:04:27,proximal,14.011910438537598,164.62269592285156,34.99938201904297,42.134342193603516,173.19625854492188,16.208650588989258,19.040529251098633,150.5504150390625,-21.354652404785156,25.58645248413086,142.5854034423828,-45.97616195678711,6.054703712463379,143.7552947998047,-22.047447204589844,4.855490684509277,141.1876678466797,-49.713531494140625,-10.08047866821289,140.26856994628906,-18.01781463623047,-11.8845796585083,137.08619689941406,-44.44752883911133,-23.463645935058594,140.6688690185547,-10.134498596191406,-25.828704833984375,133.44784545898438,-27.48366928100586,19.870161056518555,204.08758544921875,90.54814147949219,58.56300735473633,204.9530792236328,68.79684448242188,30.787445068359375,201.3927459716797,16.34835433959961,42.59241485595703,196.19082641601562,-14.676496505737305,12.411827087402344,200.9425048828125,14.093901634216309,12.572559356689453,199.61993408203125,-23.306529998779297,-9.399115562438965,198.17132568359375,18.533567428588867,-10.36501693725586,203.9415740966797,-17.56168556213379,-26.13465118408203,193.72386169433594,28.36157989501953,-32.83393859863281,196.7493438720703,5.431741714477539,,,,,,,,,,,,,,,,,,,,,,,,,,,,,,
18:04:27,intermediate,42.134342193603516,173.19625854492188,16.208650588989258,56.73530197143555,178.58041381835938,5.633812427520752,25.58645248413086,142.5854034423828,-45.97616195678711,29.270423889160156,138.12185668945312,-63.14537048339844,4.855490684509277,141.1876678466797,-49.713531494140625,4.10194206237793,139.9429473876953,-69.36791229248047,-11.8845796585083,137.08619689941406,-44.44752883911133,-13.355639457702637,137.39588928222656,-58.58786392211914,-25.828704833984375,133.44784545898438,-27.48366928100586,-27.4680233001709,129.2211456298828,-40.38969802856445,58.56300735473633,204.9530792236328,68.79684448242188,78.77982330322266,204.15545654296875,54.11111831665039,42.59241485595703,196.19082641601562,-14.676496505737305,51.308658599853516,191.1693572998047,-35.06226348876953,12.572559356689453,199.61993408203125,-23.306529998779297,13.457240104675293,196.8712615966797,-49.277442932128906,-10.36501693725586,203.9415740966797,-17.56168556213379,-10.266241073608398,205.3352508544922,-38.53449630737305,-32.83393859863281,196.7493438720703,5.431741714477539,-36.71977996826172,195.68931579589844,-12.523553848266602,,,,,,,,,,,,,,,,,,,,,,,,,,,,,,
18:04:27,distal,56.73530197143555,178.58041381835938,5.633812427520752,65.00827026367188,181.8993377685547,-2.693232297897339,29.270423889160156,138.12185668945312,-63.14537048339844,31.0939998626709,137.0677490234375,-77.22496032714844,4.10194206237793,139.9429473876953,-69.36791229248047,3.1121535301208496,140.2431640625,-81.97329711914062,-13.355639457702637,137.39588928222656,-58.58786392211914,-15.15192985534668,139.1578826904297,-68.6653060913086,-27.4680233001709,129.2211456298828,-40.38969802856445,-29.192419052124023,127.67371368408203,-48.9860725402832,78.77982330322266,204.15545654296875,54.11111831665039,89.12882232666016,201.11448669433594,41.42656707763672,51.308658599853516,191.1693572998047,-35.06226348876953,58.717010498046875,186.28956604003906,-51.369781494140625,13.457240104675293,196.8712615966797,-49.277442932128906,14.010391235351562,193.4743194580078,-66.93048858642578,-10.266241073608398,205.3352508544922,-38.53449630737305,-10.680590629577637,204.81338500976562,-55.83203887939453,-36.71977996826172,195.68931579589844,-12.523553848266602,-39.02874755859375,193.24966430664062,-25.67083740234375,,,,,,,,,,,,,,,,,,,,,,,,,,,,,,
18:04:28,metacarpal,24.89018440246582,149.61558532714844,28.791324615478516,24.89018440246582,149.61558532714844,28.791324615478516,22.7139949798584,137.66287231445312,26.241031646728516,20.286924362182617,139.04049682617188,-27.205841064453125,15.76063346862793,134.858642578125,25.890043258666992,6.638350486755371,134.9842987060547,-24.03740692138672,5.5094804763793945,135.1116943359375,26.92136001586914,-9.262404441833496,134.20260620117188,-16.177061080932617,-2.3724164962768555,139.78567504882812,32.57606887817383,-21.178524017333984,136.42283630371094,-5.032241344451904,7.374067783355713,204.05706787109375,93.03646850585938,7.374067783355713,204.05706787109375,93.03646850585938,10.922846794128418,189.79873657226562,83.96190643310547,-4.7798848152160645,211.9145050048828,16.896923065185547,17.522357940673828,187.9072265625,78.69143676757812,11.582013130187988,206.83676147460938,13.018775939941406,28.266401290893555,187.54393005371094,75.1272964477539,31.94159698486328,202.33926391601562,15.448750495910645,38.99810028076172,191.50778198242188,79.3742904663086,49.521907806396484,200.893798828125,24.12772560119629,17.335973739624023,208.16969299316406,35.068660736083984,17.335973739624023,208.16969299316406,35.068660736083984,12.083284378051758,193.9345245361328,30.42786407470703,26.995277404785156,197.02761840820312,-36.9343147277832,4.340310096740723,190.2664794921875,26.0069637298584,9.718295097351074,191.76568603515625,-39.24822235107422,-7.107720851898193,190.5443115234375,22.870229721069336,-11.068822860717773,190.6343231201172,-35.798423767089844,-17.11346435546875,196.26321411132812,25.339664459228516,-27.96457290649414,193.1199188232422,-27.907766342163086
18:04:28,proximal,24.89018440246582,149.61558532714844,28.791324615478516,28.96991729736328,152.3548583984375,-5.416524410247803,20.286924362182617,139.04049682617188,-27.205841064453125,18.5323429107666,134.55430603027344,-50.604583740234375,6.638350486755371,134.9842987060547,-24.03740692138672,5.840002536773682,133.6332244873047,-53.1251106262207,-9.262404441833496,134.20260620117188,-16.177061080932617,-13.587926864624023,132.9534912109375,-42.96788787841797,-21.178524017333984,136.42283630371094,-5.032241344451904,-29.841594696044922,140.20822143554688,-17.23859405517578,7.374067783355713,204.05706787109375,93.03646850585938,-34.6613883972168,218.49652099609375,66.74552154541016,-4.7798848152160645,211.9145050048828,16.896923065185547,-14.16960334777832,215.706298828125,-13.025127410888672,11.582013130187988,206.83676147460938,13.018775939941406,6.414309024810791,206.64772033691406,-22.677980422973633,31.94159698486328,202.33926391601562,15.448750495910645,32.3079948425293,202.9304656982422,-19.303604125976562,49.521907806396484,200.893798828125,24.12772560119629,54.5708122253418,201.70040893554688,-0.22832676768302917,17.335973739624023,208.16969299316406,35.068660736083984,52.707679748535156,209.93142700195312,6.380249977111816,26.995277404785156,197.02761840820312,-36.9343147277832,32.81601333618164,186.0756072998047,-68.2055435180664,9.718295097351074,191.76568603515625,-39.24822235107422,6.700338840484619,187.63357543945312,-75.43546295166016,-11.068822860717773,190.6343231201172,-35.798423767089844,-11.33890438079834,188.67918395996094,-69.5771484375,-27.96457290649414,193.1199188232422,-27.907766342163086,-32.570594787597656,187.57254028320312,-51.222129821777344
18:04:28,intermediate,28.96991729736328,152.3548583984375,-5.416524410247803,28.152606964111328,154.80145263671875,-24.59499740600586,18.5323429107666,134.55430603027344,-50.604583740234375,15.887811660766602,134.97911071777344,-66.48524475097656,5.840002536773682,133.6332244873047,-53.1251106262207,6.140332221984863,136.0336456298828,-74.53294372558594,-13.587926864624023,132.9534912109375,-42.96788787841797,-15.389881134033203,136.12600708007812,-58.15162658691406,-29.841594696044922,140.20822143554688,-17.23859405517578,-32.688262939453125,147.42031860351562,-24.18310546875,-34.6613883972168,218.49652099609375,66.74552154541016,-57.52183151245117,225.6320037841797,50.38887023925781,-14.16960334777832,215.706298828125,-13.025127410888672,-19.83622169494629,222.65956115722656,-32.002872467041016,6.414309024810791,206.64772033691406,-22.677980422973633,2.033052921295166,207.5862274169922,-49.314186096191406,32.3079948425293,202.9304656982422,-19.303604125976562,31.244140625,202.79026794433594,-38.90869140625,54.5708122253418,201.70040893554688,-0.22832676768302917,54.80585479736328,204.44708251953125,-18.493770599365234,52.707679748535156,209.93142700195312,6.380249977111816,70.10208892822266,210.5556640625,-11.438420295715332,32.81601333618164,186.0756072998047,-68.2055435180664,35.00870895385742,180.3753204345703,-90.25823974609375,6.700338840484619,187.63357543945312,-75.43546295166016,4.194703102111816,186.1156005859375,-102.36048889160156,-11.33890438079834,188.67918395996094,-69.5771484375,-12.11557388305664,189.7795867919922,-88.15646362304688,-32.570594787597656,187.57254028320312,-51.222129821777344,-35.94279479980469,186.22067260742188,-68.08660888671875
18:04:28,distal,28.152606964111328,154.80145263671875,-24.59499740600586,24.089012145996094,156.69378662109375,-36.0827522277832,15.887811660766602,134.97911071777344,-66.48524475097656,12.427812576293945,136.89596557617188,-78.84184265136719,6.140332221984863,136.0336456298828,-74.53294372558594,6.024785041809082,138.90869140625,-87.7455825805664,-15.389881134033203,136.12600708007812,-58.15162658691406,-17.277572631835938,139.5274200439453,-69.15186309814453,-32.688262939453125,147.42031860351562,-24.18310546875,-33.501766204833984,153.38584899902344,-27.468645095825195,-57.52183151245117,225.6320037841797,50.38887023925781,-69.96634674072266,230.28468322753906,37.505767822265625,-19.83622169494629,222.65956115722656,-32.002872467041016,-23.285112380981445,230.3419189453125,-46.74319076538086,2.033052921295166,207.5862274169922,-49.314186096191406,-0.07477961480617523,209.81134033203125,-67.16895294189453,31.244140625,202.79026794433594,-38.90869140625,30.64723014831543,203.64373779296875,-53.34195327758789,54.80585479736328,204.44708251953125,-18.493770599365234,55.18255615234375,206.83653259277344,-31.637378692626953,70.10208892822266,210.5556640625,-11.438420295715332,79.2474136352539,210.59774780273438,-25.741039276123047,35.00870895385742,180.3753204345703,-90.25823974609375,35.70219802856445,179.00057983398438,-108.3836898803711,4.194703102111816,186.1156005859375,-102.36048889160156,2.333650588989258,186.672607421875,-119.88884735107422,-12.11557388305664,189.7795867919922,-88.15646362304688,-13.056507110595703,191.78298950195312,-101.638916015625,-35.94279479980469,186.22067260742188,-68.08660888671875,-38.417964935302734,187.00352478027344,-79.49271392822266
18:04:29,metacarpal,23.26381492614746,148.86557006835938,28.109140396118164,23.26381492614746,148.86557006835938,28.109140396118164,22.254375457763672,136.8236083984375,26.48453140258789,16.516239166259766,135.72923278808594,-26.58055877685547,14.944713592529297,133.17941284179688,26.984981536865234,2.8798110485076904,130.44900512695312,-22.107572555541992,4.286795139312744,132.63626098632812,28.64166831970215,-12.886457443237305,128.7105712890625,-13.26047420501709,-4.052762985229492,136.7527618408203,34.08659744262695,-24.69384002685547,130.29615783691406,-2.0066187381744385,-3.829435348510742,195.61892700195312,89.39151000976562,-3.829435348510742,195.61892700195312,89.39151000976562,3.979069471359253,182.40257263183594,81.01123809814453,-15.266063690185547,195.85244750976562,13.770525932312012,11.300307273864746,181.90260314941406,76.34638214111328,2.1168506145477295,195.3457489013672,10.79609203338623,22.537818908691406,185.20457458496094,73.42990112304688,23.418556213378906,197.88490295410156,14.135763168334961,32.257320404052734,192.55160522460938,77.72724151611328,41.037147521972656,202.3852996826172,23.162155151367188,,,,,,,,,,,,,,,,,,,,,,,,,,,,,,
18:04:29,proximal,23.26381492614746,148.86557006835938,28.109140396118164,27.669761657714844,152.59222412109375,-6.636011600494385,16.516239166259766,135.72923278808594,-26.58055877685547,11.675134658813477,131.54617309570312,-50.497703552246094,2.8798110485076904,130.44900512695312,-22.107572555541992,-0.02786051481962204,129.5153350830078,-51.6785888671875,-12.886457443237305,128.7105712890625,-13.26047420501709,-19.706789016723633,129.68968200683594,-39.90801239013672,-24.69384002685547,130.29615783691406,-2.0066187381744385,-37.08171844482422,134.6087188720703,-11.126485824584961,-3.829435348510742,195.61892700195312,89.39151000976562,-45.20063018798828,200.19517517089844,63.721946716308594,-15.266063690185547,195.85244750976562,13.770525932312012,-25.640045166015625,192.38551330566406,-18.411014556884766,2.1168506145477295,195.3457489013672,10.79609203338623,3.2189433574676514,190.1048583984375,-25.77768325805664,23.418556213378906,197.88490295410156,14.135763168334961,24.617145538330078,198.91673278808594,-21.042659759521484,41.037147521972656,202.3852996826172,23.162155151367188,41.90053176879883,208.783935546875,-2.334512710571289,,,,,,,,,,,,,,,,,,,,,,,,,,,,,,
18:04:29,intermediate,27.669761657714844,152.59222412109375,-6.636011600494385,25.751619338989258,154.90875244140625,-26.509231567382812,11.675134658813477,131.54617309570312,-50.497703552246094,6.145015239715576,132.9478302001953,-65.98043060302734,-0.02786051481962204,129.5153350830078,-51.6785888671875,-2.408353567123413,133.44325256347656,-73.95428466796875,-19.706789016723633,129.68968200683594,-39.90801239013672,-23.2620849609375,134.61080932617188,-54.486148834228516,-37.08171844482422,134.6087188720703,-11.126485824584961,-43.194725036621094,143.5102996826172,-14.053028106689453,-45.20063018798828,200.19517517089844,63.721946716308594,-68.63948059082031,201.82208251953125,47.53178787231445,-25.640045166015625,192.38551330566406,-18.411014556884766,-32.37696075439453,193.63604736328125,-40.09503173828125,3.2189433574676514,190.1048583984375,-25.77768325805664,2.8640236854553223,189.41384887695312,-52.06328582763672,24.617145538330078,198.91673278808594,-21.042659759521484,24.57829475402832,202.0749969482422,-39.53874206542969,41.90053176879883,208.783935546875,-2.334512710571289,38.41373062133789,215.84571838378906,-18.60873031616211,,,,,,,,,,,,,,,,,,,,,,,,,,,,,,
18:04:29,distal,25.751619338989258,154.90875244140625,-26.509231567382812,19.83837890625,156.5764923095703,-38.76808166503906,6.145015239715576,132.9478302001953,-65.98043060302734,0.4716133773326874,135.2900848388672,-77.30435943603516,-2.408353567123413,133.44325256347656,-73.95428466796875,-4.6658196449279785,137.34912109375,-87.60419464111328,-23.2620849609375,134.61080932617188,-54.486148834228516,-25.991477966308594,138.9649658203125,-64.28595733642578,-43.194725036621094,143.5102996826172,-14.053028106689453,-45.1325569152832,151.01040649414062,-14.029350280761719,-68.63948059082031,201.82208251953125,47.53178787231445,-82.26272583007812,203.99449157714844,34.541526794433594,-32.37696075439453,193.63604736328125,-40.09503173828125,-37.00596618652344,197.23150634765625,-56.80756378173828,2.8640236854553223,189.41384887695312,-52.06328582763672,2.1853187084198,191.47991943359375,-69.06400299072266,24.57829475402832,202.0749969482422,-39.53874206542969,23.144845962524414,206.13116455078125,-52.54037857055664,38.41373062133789,215.84571838378906,-18.60873031616211,34.95307922363281,221.1279754638672,-28.478517532348633,,,,,,,,,,,,,,,,,,,,,,,,,,,,,,
18:04:30,metacarpal,18.396360397338867,160.5660858154297,37.287109375,18.396360397338867,160.5660858154297,37.287109375,16.313425064086914,148.0274200439453,33.16586685180664,27.247310638427734,150.5299835205078,-21.857778549194336,10.644124984741211,143.64044189453125,29.457412719726562,14.208020210266113,143.5307159423828,-23.67661476135254,1.411706805229187,142.28424072265625,27.222373962402344,-2.2305939197540283,139.88279724121094,-20.390933990478516,-7.386918067932129,145.3892059326172,30.144372940063477,-16.016674041748047,139.5624542236328,-12.87311840057373,26.04085922241211,203.66397094726562,97.06172180175781,26.04085922241211,203.66397094726562,97.06172180175781,16.19614601135254,216.27113342285156,89.41764831542969,39.20112991333008,209.80197143554688,22.824708938598633,8.288650512695312,214.7383270263672,84.7293930053711,21.49588394165039,206.07550048828125,19.519996643066406,-2.423322916030884,209.248291015625,81.20620727539062,0.7226923704147339,198.9557647705078,21.93532943725586,-9.531950950622559,200.15187072753906,85.09412384033203,-14.758330345153809,190.7667236328125,30.374954223632812,,,,,,,,,,,,,,,,,,,,,,,,,,,,,,
18:04:30,proximal,18.396360397338867,160.5660858154297,37.287109375,47.41399002075195,169.45167541503906,16.944486618041992,27.247310638427734,150.5299835205078,-21.857778549194336,35.2637939453125,144.3246612548828,-47.83089065551758,14.208020210266113,143.5307159423828,-23.67661476135254,15.609792709350586,141.00704956054688,-52.30405807495117,-2.2305939197540283,139.88279724121094,-20.390933990478516,-3.786132574081421,136.16392517089844,-48.06770706176758,-16.016674041748047,139.5624542236328,-12.87311840057373,-17.97168731689453,134.30172729492188,-31.815793991088867,26.04085922241211,203.66397094726562,97.06172180175781,63.3782958984375,210.19664001464844,75.02559661865234,39.20112991333008,209.80197143554688,22.824708938598633,50.76182556152344,203.86497497558594,-8.634653091430664,21.49588394165039,206.07550048828125,19.519996643066406,23.59536361694336,205.78079223632812,-17.178293228149414,0.7226923704147339,198.9557647705078,21.93532943725586,-0.366895467042923,206.21438598632812,-13.563167572021484,-14.758330345153809,190.7667236328125,30.374954223632812,-22.081941604614258,194.88926696777344,7.791116714477539,,,,,,,,,,,,,,,,,,,,,,,,,,,,,,
18:04:30,intermediate,47.41399002075195,169.45167541503906,16.944486618041992,62.69902038574219,174.20425415039062,5.324276924133301,35.2637939453125,144.3246612548828,-47.83089065551758,39.8527717590332,141.735595703125,-65.67510986328125,15.609792709350586,141.00704956054688,-52.30405807495117,16.28226089477539,140.30715942382812,-72.6825942993164,-3.786132574081421,136.16392517089844,-48.06770706176758,-5.088964462280273,136.74655151367188,-62.31544494628906,-17.97168731689453,134.30172729492188,-31.815793991088867,-19.732757568359375,132.78518676757812,-45.17778778076172,63.3782958984375,210.19664001464844,75.02559661865234,83.4579849243164,211.9606170654297,60.80952835083008,50.76182556152344,203.86497497558594,-8.634653091430664,60.55907440185547,197.89633178710938,-28.921964645385742,23.59536361694336,205.78079223632812,-17.178293228149414,27.375612258911133,202.97198486328125,-41.3736457824707,-0.366895467042923,206.21438598632812,-13.563167572021484,0.4026806056499481,208.3512420654297,-33.75639343261719,-22.081941604614258,194.88926696777344,7.791116714477539,-26.033632278442383,195.1138458251953,-10.464932441711426,,,,,,,,,,,,,,,,,,,,,,,,,,,,,,
18:04:30,distal,62.69902038574219,174.20425415039062,5.324276924133301,72.265625,176.7357177734375,-3.7036550045013428,39.8527717590332,141.735595703125,-65.67510986328125,42.5057258605957,141.66476440429688,-80.17090606689453,16.28226089477539,140.30715942382812,-72.6825942993164,16.13056755065918,141.4081268310547,-86.0931625366211,-5.088964462280273,136.74655151367188,-62.31544494628906,-6.100473880767822,138.79678344726562,-72.08526611328125,-19.732757568359375,132.78518676757812,-45.17778778076172,-21.220277786254883,133.24574279785156,-54.25508499145508,83.4579849243164,211.9606170654297,60.80952835083008,94.40255737304688,210.0172882080078,48.73251724243164,60.55907440185547,197.89633178710938,-28.921964645385742,69.01058197021484,191.95697021484375,-44.779029846191406,27.375612258911133,202.97198486328125,-41.3736457824707,30.51120376586914,199.2462615966797,-57.63475799560547,0.4026806056499481,208.3512420654297,-33.75639343261719,0.7624160647392273,208.55625915527344,-50.135562896728516,-26.033632278442383,195.1138458251953,-10.464932441711426,-27.642688751220703,193.30126953125,-23.95423126220703,,,,,,,,,,,,,,,,,,,,,,,,,,,,,,
18:04:31,metacarpal,16.693737030029297,155.90155029296875,34.656227111816406,16.693737030029297,155.90155029296875,34.656227111816406,14.646024703979492,142.8529510498047,31.14900016784668,23.70499038696289,144.18804931640625,-23.658855438232422,8.470093727111816,138.41860961914062,27.621835708618164,10.309184074401855,137.1886444091797,-25.027841567993164,-1.2358254194259644,136.5863037109375,25.519994735717773,-6.340522289276123,133.18618774414062,-21.393091201782227,-10.310929298400879,139.93031311035156,28.426868438720703,-20.190387725830078,133.22523498535156,-13.71069622039795,16.842998504638672,188.3032684326172,92.04356384277344,16.842998504638672,188.3032684326172,92.04356384277344,8.98082447052002,201.4534149169922,84.09587860107422,27.89737319946289,186.98675537109375,17.56513786315918,0.4603201448917389,200.84201049804688,79.92296600341797,9.459932327270508,185.63201904296875,15.282448768615723,-11.239302635192871,196.66455078125,77.85662078857422,-12.138790130615234,181.64442443847656,19.60214614868164,-19.637845993041992,188.8460693359375,82.86387634277344,-28.494882583618164,176.18844604492188,29.353899002075195,17.76800537109375,193.7520751953125,36.770668029785156,17.76800537109375,193.7520751953125,36.770668029785156,12.639532089233398,178.8885040283203,32.32262420654297,26.74358558654785,179.4614715576172,-35.659698486328125,5.236398696899414,175.0144500732422,27.880172729492188,9.819042205810547,173.87059020996094,-37.79471969604492,-6.278027057647705,174.9130401611328,24.70004653930664,-10.970780372619629,172.43186950683594,-34.17851638793945,-16.713960647583008,180.46273803710938,27.51212501525879,-28.194503784179688,174.81582641601562,-25.695606231689453
18:04:31,proximal,16.693737030029297,155.90155029296875,34.656227111816406,47.17617416381836,165.91552734375,16.132768630981445,23.70499038696289,144.18804931640625,-23.658855438232422,30.961584091186523,136.111328125,-48.83605194091797,10.309184074401855,137.1886444091797,-25.027841567993164,10.41408920288086,134.4070587158203,-53.401790618896484,-6.340522289276123,133.18618774414062,-21.393091201782227,-7.721435070037842,129.8985595703125,-48.63138198852539,-20.190387725830078,133.22523498535156,-13.71069622039795,-21.78593635559082,126.33878326416016,-32.08342361450195,16.842998504638672,188.3032684326172,92.04356384277344,54.8170051574707,191.33460998535156,71.04222106933594,27.89737319946289,186.98675537109375,17.56513786315918,40.01229476928711,182.24853515625,-13.363253593444824,9.459932327270508,185.63201904296875,15.282448768615723,10.158321380615234,184.2764434814453,-22.160593032836914,-12.138790130615234,181.64442443847656,19.60214614868164,-12.921199798583984,186.83489990234375,-16.64874267578125,-28.494882583618164,176.18844604492188,29.353899002075195,-35.13064193725586,179.3303680419922,6.73073148727417,17.76800537109375,193.7520751953125,36.770668029785156,55.23545455932617,194.6808624267578,10.954450607299805,26.74358558654785,179.4614715576172,-35.659698486328125,35.33269500732422,170.27171325683594,-66.17591857910156,9.819042205810547,173.87059020996094,-37.79471969604492,8.911685943603516,169.89120483398438,-74.20365905761719,-10.970780372619629,172.43186950683594,-34.17851638793945,-12.003210067749023,166.67620849609375,-67.52241516113281,-28.194503784179688,174.81582641601562,-25.695606231689453,-33.01382827758789,167.02841186523438,-46.98894500732422
18:04:31,intermediate,47.17617416381836,165.91552734375,16.132768630981445,63.55720138549805,171.73623657226562,5.600580215454102,30.961584091186523,136.111328125,-48.83605194091797,34.78545379638672,131.60939025878906,-66.29676818847656,10.41408920288086,134.4070587158203,-53.401790618896484,10.259842872619629,132.89369201660156,-73.37200164794922,-7.721435070037842,129.8985595703125,-48.63138198852539,-9.254257202148438,130.22035217285156,-63.11397933959961,-21.78593635559082,126.33878326416016,-32.08342361450195,-23.227375030517578,122.54692077636719,-45.390377044677734,54.8170051574707,191.33460998535156,71.04222106933594,75.02832794189453,191.50071716308594,56.73344421386719,40.01229476928711,182.24853515625,-13.363253593444824,49.061866760253906,177.4925079345703,-33.55927276611328,10.158321380615234,184.2764434814453,-22.160593032836914,11.725957870483398,181.32901000976562,-47.89645004272461,-12.921199798583984,186.83489990234375,-16.64874267578125,-12.523175239562988,187.7194366455078,-37.67422866821289,-35.13064193725586,179.3303680419922,6.73073148727417,-38.82163619995117,178.28407287597656,-11.187575340270996,55.23545455932617,194.6808624267578,10.954450607299805,75.29238891601562,194.2407989501953,-4.649702548980713,35.33269500732422,170.27171325683594,-66.17591857910156,40.12103271484375,165.68881225585938,-87.765380859375,8.911685943603516,169.89120483398438,-74.20365905761719,7.327371120452881,168.04354858398438,-100.67505645751953,-12.003210067749023,166.67620849609375,-67.52241516113281,-13.479174613952637,165.8248748779297,-85.99394989013672,-33.01382827758789,167.02841186523438,-46.98894500732422,-36.283790588378906,163.10333251953125,-63.514366149902344
18:04:31,distal,63.55720138549805,171.73623657226562,5.600580215454102,73.18610382080078,175.07627868652344,-2.761370897293091,34.78545379638672,131.60939025878906,-66.29676818847656,36.860164642333984,130.7142333984375,-80.63667297363281,10.259842872619629,132.89369201660156,-73.37200164794922,9.543553352355957,133.25424194335938,-86.28829193115234,-9.254257202148438,130.22035217285156,-63.11397933959961,-10.937652587890625,132.08567810058594,-73.50935363769531,-23.227375030517578,122.54692077636719,-45.390377044677734,-24.87953758239746,121.3273696899414,-54.45391082763672,75.02832794189453,191.50071716308594,56.73344421386719,85.32085418701172,188.92047119140625,44.14359664916992,49.061866760253906,177.4925079345703,-33.55927276611328,56.85501480102539,172.83358764648438,-49.6342658996582,11.725957870483398,181.32901000976562,-47.89645004272461,12.7807035446167,177.73583984375,-65.2532730102539,-12.523175239562988,187.7194366455078,-37.67422866821289,-12.647785186767578,186.7605438232422,-54.963287353515625,-38.82163619995117,178.28407287597656,-11.187575340270996,-40.692481994628906,175.6885528564453,-24.235021591186523,75.29238891601562,194.2407989501953,-4.649702548980713,86.91875457763672,193.5427703857422,-16.860074996948242,40.12103271484375,165.68881225585938,-87.765380859375,42.74868392944336,164.3680877685547,-105.17540740966797,7.327371120452881,168.04354858398438,-100.67505645751953,5.405180931091309,168.362060546875,-117.61415100097656,-13.479174613952637,165.8248748779297,-85.99394989013672,-15.092951774597168,167.20675659179688,-99.49610900878906,-36.283790588378906,163.10333251953125,-63.514366149902344,-38.804664611816406,162.25653076171875,-74.94947814941406
18:04:32,metacarpal,13.769070625305176,155.0326385498047,35.860023498535156,13.769070625305176,155.0326385498047,35.860023498535156,11.830233573913574,142.01675415039062,32.34044647216797,21.809446334838867,143.41139221191406,-23.02863311767578,5.929883003234863,137.4615478515625,28.72760009765625,8.610406875610352,136.1381072998047,-24.558963775634766,-3.431882619857788,135.60777282714844,26.440738677978516,-7.831505298614502,131.97842407226562,-21.136280059814453,-12.382190704345703,138.8891143798828,28.797847747802734,-21.631576538085938,131.84024047851562,-14.007464408874512,14.413591384887695,193.36386108398438,99.19377899169922,14.413591384887695,193.36386108398438,99.19377899169922,20.735788345336914,179.61734008789062,90.02752685546875,6.114425182342529,199.93043518066406,21.860654830932617,27.581682205200195,178.74908447265625,84.94873809814453,23.000459671020508,197.19190979003906,18.75870704650879,38.490150451660156,179.8931121826172,81.8562240600586,43.66014099121094,195.4744110107422,22.247190475463867,48.50596237182617,185.11109924316406,86.9306640625,60.94221115112305,196.20135498046875,32.17612838745117,8.386401176452637,198.00131225585938,60.723236083984375,8.386401176452637,198.00131225585938,60.723236083984375,-4.76795768737793,188.03294372558594,49.36748123168945,28.419109344482422,193.60348510742188,-23.887725830078125,-2.9186744689941406,186.57577514648438,44.456878662109375,18.737821578979492,192.75262451171875,-28.60000228881836,-3.689112901687622,188.6189422607422,41.123252868652344,5.65158748626709,195.14952087402344,-26.562402725219727,-6.683652877807617,194.5794677734375,45.75061798095703,-7.109650135040283,198.83819580078125,-17.64302635192871
18:04:32,proximal,13.769070625305176,155.0326385498047,35.860023498535156,45.253135681152344,166.0260009765625,17.233938217163086,21.809446334838867,143.41139221191406,-23.02863311767578,27.39084243774414,136.64309692382812,-48.81698226928711,8.610406875610352,136.1381072998047,-24.558963775634766,7.133066654205322,134.1078338623047,-53.59077072143555,-7.831505298614502,131.97842407226562,-21.136280059814453,-6.567527770996094,129.4115753173828,-48.81564712524414,-21.631576538085938,131.84024047851562,-14.007464408874512,-23.959341049194336,125.43121337890625,-33.85963821411133,14.413591384887695,193.36386108398438,99.19377899169922,-26.667617797851562,206.36264038085938,71.23062896728516,6.114425182342529,199.93043518066406,21.860654830932617,-2.1631083488464355,201.4713134765625,-9.420498847961426,23.000459671020508,197.19190979003906,18.75870704650879,23.176864624023438,196.22682189941406,-17.2937068939209,43.66014099121094,195.4744110107422,22.247190475463867,46.85369110107422,198.5353240966797,-12.818008422851562,60.94221115112305,196.20135498046875,32.17612838745117,65.38558197021484,200.3105010986328,7.539872169494629,8.386401176452637,198.00131225585938,60.723236083984375,41.150115966796875,212.5931396484375,35.474002838134766,28.419109344482422,193.60348510742188,-23.887725830078125,37.3105583190918,196.169677734375,-58.5400390625,18.737821578979492,192.75262451171875,-28.60000228881836,23.05038070678711,197.05935668945312,-70.7658462524414,5.65158748626709,195.14952087402344,-26.562402725219727,10.516955375671387,193.55955505371094,-67.55902862548828,-7.109650135040283,198.83819580078125,-17.64302635192871,-1.486341953277588,205.69113159179688,-48.13788986206055
18:04:32,intermediate,45.253135681152344,166.0260009765625,17.233938217163086,62.26788330078125,172.018798828125,6.280910968780518,27.39084243774414,136.64309692382812,-48.81698226928711,29.529903411865234,134.310302734375,-66.82486724853516,7.133066654205322,134.1078338623047,-53.59077072143555,5.036676406860352,134.7427978515625,-73.97898864746094,-6.567527770996094,129.4115753173828,-48.81564712524414,-7.022333145141602,130.48101806640625,-63.447242736816406,-23.959341049194336,125.43121337890625,-33.85963821411133,-25.72882652282715,123.07439422607422,-48.12541198730469,-26.667617797851562,206.36264038085938,71.23062896728516,-49.56873321533203,212.82177734375,54.18547439575195,-2.1631083488464355,201.4713134765625,-9.420498847961426,-7.4239373207092285,206.53053283691406,-29.862680435180664,23.176864624023438,196.22682189941406,-17.2937068939209,22.466175079345703,197.51202392578125,-43.81364440917969,46.85369110107422,198.5353240966797,-12.818008422851562,47.356815338134766,201.32699584960938,-32.01549530029297,65.38558197021484,200.3105010986328,7.539872169494629,64.5479736328125,206.0195770263672,-10.290641784667969,41.150115966796875,212.5931396484375,35.474002838134766,57.77332305908203,222.5868377685547,19.209474563598633,37.3105583190918,196.169677734375,-58.5400390625,40.56862258911133,202.5716552734375,-84.6203384399414,23.05038070678711,197.05935668945312,-70.7658462524414,24.784635543823242,205.1233673095703,-100.11685180664062,10.516955375671387,193.55955505371094,-67.55902862548828,11.645538330078125,196.47007751464844,-87.55381774902344,-1.486341953277588,205.69113159179688,-48.13788986206055,5.93492317199707,210.24647521972656,-67.82025909423828
18:04:32,distal,62.26788330078125,172.018798828125,6.280910968780518,72.46073913574219,175.31277465820312,-3.2859127521514893,29.529903411865234,134.310302734375,-66.82486724853516,30.191879272460938,135.32923889160156,-81.49098205566406,5.036676406860352,134.7427978515625,-73.97898864746094,2.5701417922973633,136.5712127685547,-86.8894271850586,-7.022333145141602,130.48101806640625,-63.447242736816406,-8.248173713684082,132.57179260253906,-73.87113952636719,-25.72882652282715,123.07439422607422,-48.12541198730469,-27.11237907409668,122.90702056884766,-58.009681701660156,-49.56873321533203,212.82177734375,54.18547439575195,-62.44684600830078,217.8108367919922,41.15278244018555,-7.4239373207092285,206.53053283691406,-29.862680435180664,-10.692231178283691,213.20706176757812,-45.722076416015625,22.466175079345703,197.51202392578125,-43.81364440917969,22.131004333496094,200.51373291015625,-61.59584045410156,47.356815338134766,201.32699584960938,-32.01549530029297,47.508811950683594,204.5081329345703,-46.0568733215332,64.5479736328125,206.0195770263672,-10.290641784667969,63.24691390991211,210.4129180908203,-23.092308044433594,57.77332305908203,222.5868377685547,19.209474563598633,65.57231903076172,229.13018798828125,5.104641914367676,40.56862258911133,202.5716552734375,-84.6203384399414,43.10655975341797,206.93829345703125,-106.38677215576172,24.784635543823242,205.1233673095703,-100.11685180664062,28.191219329833984,210.22853088378906,-118.73333740234375,11.645538330078125,196.47007751464844,-87.55381774902344,14.661092758178711,198.92098999023438,-101.77596282958984,5.93492317199707,210.24647521972656,-67.82025909423828,11.819466590881348,211.3570556640625,-79.00973510742188
18:04:33,metacarpal,27.446102142333984,146.4071044921875,33.05390548706055,27.446102142333984,146.4071044921875,33.05390548706055,26.320816040039062,134.18597412109375,31.25653648376465,21.50821876525879,134.9257049560547,-22.869873046875,18.74652862548828,130.5967254638672,31.19750213623047,7.408714771270752,129.57350158691406,-19.06627082824707,7.836885929107666,129.9108428955078,32.43586730957031,-8.84640121459961,127.45550537109375,-10.653376579284668,-0.7491093277931213,134.0363006591797,37.74163055419922,-21.088369369506836,128.82760620117188,0.40736842155456543,1.7928053140640259,191.28598022460938,93.20951080322266,1.7928053140640259,191.28598022460938,93.20951080322266,9.472991943359375,178.3798370361328,84.43832397460938,-6.920103073120117,196.80926513671875,17.183109283447266,16.711458206176758,177.82318115234375,80.1573257446289,10.363516807556152,195.68661499023438,14.922327995300293,27.909425735473633,180.76551818847656,77.8900375366211,31.416759490966797,197.0284423828125,19.20965576171875,37.55406188964844,187.16278076171875,83.08763885498047,48.705345153808594,199.92591857910156,29.230690002441406,,,,,,,,,,,,,,,,,,,,,,,,,,,,,,
18:04:33,proximal,27.446102142333984,146.4071044921875,33.05390548706055,31.333871841430664,148.24179077148438,-3.4899091720581055,21.50821876525879,134.9257049560547,-22.869873046875,17.587247848510742,131.55523681640625,-47.11056900024414,7.408714771270752,129.57350158691406,-19.06627082824707,6.378748893737793,130.01536560058594,-48.768428802490234,-8.84640121459961,127.45550537109375,-10.653376579284668,-13.817102432250977,129.59071350097656,-37.555747985839844,-21.088369369506836,128.82760620117188,0.40736842155456543,-32.07634735107422,132.4199981689453,-9.096110343933105,1.7928053140640259,191.28598022460938,93.20951080322266,-39.570106506347656,197.0463409423828,65.11712646484375,-6.920103073120117,196.80926513671875,17.183109283447266,-15.49592399597168,195.5270538330078,-15.71247386932373,10.363516807556152,195.68661499023438,14.922327995300293,13.971112251281738,192.4583282470703,-21.9923152923584,31.416759490966797,197.0284423828125,19.20965576171875,34.08699035644531,202.40542602539062,-15.909652709960938,48.705345153808594,199.92591857910156,29.230690002441406,50.171085357666016,208.7844696044922,4.426945209503174,,,,,,,,,,,,,,,,,,,,,,,,,,,,,,
18:04:33,intermediate,31.333871841430664,148.24179077148438,-3.4899091720581055,29.137205123901367,149.3941192626953,-24.259723663330078,17.587247848510742,131.55523681640625,-47.11056900024414,12.569310188293457,133.79769897460938,-62.89575958251953,6.378748893737793,130.01536560058594,-48.768428802490234,5.611860275268555,135.38641357421875,-70.87200164794922,-13.817102432250977,129.59071350097656,-37.555747985839844,-15.941039085388184,135.07691955566406,-52.00873565673828,-32.07634735107422,132.4199981689453,-9.096110343933105,-36.61232376098633,140.13511657714844,-13.298284530639648,-39.570106506347656,197.0463409423828,65.11712646484375,-62.655845642089844,198.99908447265625,47.628448486328125,-15.49592399597168,195.5270538330078,-15.71247386932373,-20.676528930664062,198.0029754638672,-37.9149284362793,13.971112251281738,192.4583282470703,-21.9923152923584,15.31176471710205,192.6761932373047,-48.22660446166992,34.08699035644531,202.40542602539062,-15.909652709960938,34.92784881591797,208.3787078857422,-33.689300537109375,50.171085357666016,208.7844696044922,4.426945209503174,46.68333435058594,217.89894104003906,-10.657418251037598,,,,,,,,,,,,,,,,,,,,,,,,,,,,,,
18:04:33,distal,29.137205123901367,149.3941192626953,-24.259723663330078,22.668798446655273,150.51107788085938,-36.806968688964844,12.569310188293457,133.79769897460938,-62.89575958251953,7.054351329803467,136.9710693359375,-74.40027618408203,5.611860275268555,135.38641357421875,-70.87200164794922,4.44659948348999,140.34153747558594,-84.34259796142578,-15.941039085388184,135.07691955566406,-52.00873565673828,-17.9205379486084,139.9200439453125,-61.760562896728516,-36.61232376098633,140.13511657714844,-13.298284530639648,-37.82583236694336,146.62368774414062,-14.645994186401367,-62.655845642089844,198.99908447265625,47.628448486328125,-75.73030090332031,201.26344299316406,34.181060791015625,-20.676528930664062,198.0029754638672,-37.9149284362793,-23.894054412841797,202.3102569580078,-55.0073356628418,15.31176471710205,192.6761932373047,-48.22660446166992,15.539128303527832,195.33970642089844,-65.26590728759766,34.92784881591797,208.3787078857422,-33.689300537109375,34.582393646240234,214.39280700683594,-45.77346420288086,46.68333435058594,217.89894104003906,-10.657418251037598,43.15651321411133,224.55001831054688,-19.356754302978516,,,,,,,,,,,,,,,,,,,,,,,,,,,,,,
18:04:34,metacarpal,5.188640117645264,159.0626220703125,62.64640426635742,5.188640117645264,159.0626220703125,62.64640426635742,-12.661113739013672,165.74659729003906,48.64463806152344,19.456558227539062,159.99462890625,-26.67959213256836,-5.479678630828857,161.12399291992188,44.7716178894043,17.771333694458008,163.02352905273438,-29.49650001525879,0.9301843643188477,156.58676147460938,43.27095031738281,14.383831024169922,165.6822967529297,-24.708723068237305,5.8917670249938965,154.82603454589844,50.312442779541016,9.973435401916504,167.60382080078125,-12.980541229248047,32.48801803588867,189.56198120117188,100.15729522705078,32.48801803588867,189.56198120117188,100.15729522705078,24.27334213256836,202.72897338867188,92.28450012207031,44.99192428588867,191.0166473388672,25.736021041870117,15.906099319458008,202.11288452148438,87.98661041259766,26.700340270996094,189.27471923828125,23.095096588134766,4.438863277435303,197.4302520751953,85.32447814941406,5.205545425415039,184.2555389404297,26.612869262695312,-3.6548848152160645,189.18223571777344,89.81624603271484,-11.014580726623535,177.95736694335938,35.75275802612305,,,,,,,,,,,,,,,,,,,,,,,,,,,,,,
18:04:34,proximal,5.188640117645264,159.0626220703125,62.64640426635742,22.777847290039062,164.3072509765625,20.865936279296875,19.456558227539062,159.99462890625,-26.67959213256836,24.161808013916016,168.3090057373047,-61.43602752685547,17.771333694458008,163.02352905273438,-29.49650001525879,27.18614387512207,173.0563201904297,-70.31010437011719,14.383831024169922,165.6822967529297,-24.708723068237305,19.98257827758789,173.84158325195312,-63.11798095703125,9.973435401916504,167.60382080078125,-12.980541229248047,14.664387702941895,174.8264923095703,-40.96449279785156,32.48801803588867,189.56198120117188,100.15729522705078,70.48844909667969,192.185302734375,77.15313720703125,44.99192428588867,191.0166473388672,25.736021041870117,55.3515625,185.3011016845703,-5.769286155700684,26.700340270996094,189.27471923828125,23.095096588134766,25.36910057067871,188.00843811035156,-13.573020935058594,5.205545425415039,184.2555389404297,26.612869262695312,4.086863040924072,191.38629150390625,-9.038411140441895,-11.014580726623535,177.95736694335938,35.75275802612305,-17.636316299438477,183.29051208496094,13.053853034973145,,,,,,,,,,,,,,,,,,,,,,,,,,,,,,
18:04:34,intermediate,22.777847290039062,164.3072509765625,20.865936279296875,29.83962059020996,167.78810119628906,-4.295716285705566,24.161808013916016,168.3090057373047,-61.43602752685547,25.601633071899414,175.24462890625,-84.34001159667969,27.18614387512207,173.0563201904297,-70.31010437011719,32.47800827026367,181.94744873046875,-98.82124328613281,19.98257827758789,173.84158325195312,-63.11798095703125,22.273786544799805,180.30062866210938,-83.26253509521484,14.664387702941895,174.8264923095703,-40.96449279785156,18.880687713623047,178.03460693359375,-62.235206604003906,70.48844909667969,192.185302734375,77.15313720703125,90.61384582519531,191.58865356445312,61.38594055175781,55.3515625,185.3011016845703,-5.769286155700684,63.626312255859375,179.56121826171875,-26.111379623413086,25.36910057067871,188.00843811035156,-13.573020935058594,26.181901931762695,184.32632446289062,-38.50715637207031,4.086863040924072,191.38629150390625,-9.038411140441895,4.391006946563721,193.52569580078125,-29.62729263305664,-17.636316299438477,183.29051208496094,13.053853034973145,-21.599451065063477,184.20123291015625,-5.268394947052002,,,,,,,,,,,,,,,,,,,,,,,,,,,,,,
18:04:34,distal,29.83962059020996,167.78810119628906,-4.295716285705566,36.3664665222168,170.3094024658203,-20.148326873779297,25.601633071899414,175.24462890625,-84.34001159667969,26.685178756713867,180.22427368164062,-101.78352355957031,32.47800827026367,181.94744873046875,-98.82124328613281,35.90945816040039,186.82322692871094,-116.36962890625,22.273786544799805,180.30062866210938,-83.26253509521484,24.51897621154785,184.4386444091797,-98.07404327392578,18.880687713623047,178.03460693359375,-62.235206604003906,22.077648162841797,177.7584228515625,-76.66757202148438,90.61384582519531,191.58865356445312,61.38594055175781,100.379638671875,188.074462890625,47.708988189697266,63.626312255859375,179.56121826171875,-26.111379623413086,70.84249877929688,174.00906372070312,-42.05506896972656,26.181901931762695,184.32632446289062,-38.50715637207031,26.969573974609375,180.18197631835938,-55.256248474121094,4.391006946563721,193.52569580078125,-29.62729263305664,4.165436267852783,193.7823944091797,-46.862037658691406,-21.599451065063477,184.20123291015625,-5.268394947052002,-23.69171905517578,182.7295684814453,-19.011348724365234,,,,,,,,,,,,,,,,,,,,,,,,,,,,,,
18:04:35,metacarpal,22.858163833618164,149.59136962890625,37.04541778564453,22.858163833618164,149.59136962890625,37.04541778564453,20.315210342407227,136.51370239257812,33.6005973815918,29.01422882080078,137.92630004882812,-21.442718505859375,14.049927711486816,132.09706115722656,30.108070373535156,15.477940559387207,131.0559539794922,-22.726245880126953,4.246788501739502,130.4182586669922,28.110597610473633,-1.2854318618774414,127.2993392944336,-18.92550277709961,-4.874847888946533,133.91880798339844,30.723833084106445,-15.219186782836914,127.54937744140625,-11.499271392822266,37.1158561706543,178.54214477539062,91.93417358398438,37.1158561706543,178.54214477539062,91.93417358398438,29.014331817626953,191.50497436523438,83.46162414550781,49.889991760253906,176.98228454589844,17.439348220825195,20.595197677612305,190.48309326171875,79.14169311523438,31.53713035583496,174.8748779296875,14.811697959899902,9.182201385498047,185.799560546875,76.98123168945312,10.077896118164062,170.0902099609375,18.8327693939209,1.1178086996078491,177.72213745117188,81.87235260009766,-6.134305000305176,164.13812255859375,28.27729606628418,37.350223541259766,182.17483520507812,37.40877151489258,37.350223541259766,182.17483520507812,37.40877151489258,30.239259719848633,167.49151611328125,33.6276741027832,43.44693374633789,166.0363311767578,-34.316829681396484,22.400503158569336,164.01402282714844,29.026840209960938,26.025554656982422,161.76470947265625,-36.48857498168945,10.72430419921875,164.98843383789062,25.782806396484375,5.102110862731934,162.34579467773438,-32.83539581298828,0.9521880149841309,171.7844696044922,28.39883804321289,-11.631736755371094,166.690185546875,-24.451480865478516
18:04:35,proximal,22.858163833618164,149.59136962890625,37.04541778564453,53.505916595458984,159.01405334472656,19.799270629882812,29.01422882080078,137.92630004882812,-21.442718505859375,35.73173522949219,129.25836181640625,-46.72914505004883,15.477940559387207,131.0559539794922,-22.726245880126953,14.589059829711914,128.5792236328125,-50.98862075805664,-1.2854318618774414,127.2993392944336,-18.92550277709961,-2.5150814056396484,123.69841003417969,-45.58893966674805,-15.219186782836914,127.54937744140625,-11.499271392822266,-17.508514404296875,119.59427642822266,-28.89786720275879,37.1158561706543,178.54214477539062,91.93417358398438,76.54579162597656,180.18429565429688,71.87638854980469,49.889991760253906,176.98228454589844,17.439348220825195,61.15376281738281,169.56460571289062,-13.846344947814941,31.53713035583496,174.8748779296875,14.811697959899902,30.40426254272461,171.8486785888672,-22.203981399536133,10.077896118164062,170.0902099609375,18.8327693939209,8.885509490966797,175.9212188720703,-17.095632553100586,-6.134305000305176,164.13812255859375,28.27729606628418,-13.252662658691406,166.92636108398438,5.35897159576416,37.350223541259766,182.17483520507812,37.40877151489258,75.90099334716797,182.15594482421875,12.946879386901855,43.44693374633789,166.0363311767578,-34.316829681396484,50.8748893737793,154.5077362060547,-64.70191955566406,26.025554656982422,161.76470947265625,-36.48857498168945,23.31739044189453,157.51271057128906,-72.18009948730469,5.102110862731934,162.34579467773438,-32.83539581298828,2.4314019680023193,156.9086456298828,-65.40288543701172,-11.631736755371094,166.690185546875,-24.451480865478516,-17.04770851135254,156.75765991210938,-45.30644226074219
18:04:35,intermediate,53.505916595458984,159.01405334472656,19.799270629882812,70.12086486816406,164.7125244140625,9.85244369506836,35.73173522949219,129.25836181640625,-46.72914505004883,39.40449523925781,124.20250701904297,-64.34617614746094,14.589059829711914,128.5792236328125,-50.98862075805664,14.152579307556152,127.7371826171875,-71.1546859741211,-2.5150814056396484,123.69841003417969,-45.58893966674805,-3.5059852600097656,123.61125183105469,-59.96995162963867,-17.508514404296875,119.59427642822266,-28.89786720275879,-19.539794921875,114.72850799560547,-42.07758712768555,76.54579162597656,180.18429565429688,71.87638854980469,96.92015838623047,178.9034881591797,57.55113220214844,61.15376281738281,169.56460571289062,-13.846344947814941,69.85911560058594,163.0929412841797,-34.184627532958984,30.40426254272461,171.8486785888672,-22.203981399536133,31.17565155029297,167.84716796875,-47.69406509399414,8.885509490966797,175.9212188720703,-17.095632553100586,8.980762481689453,177.61741638183594,-38.071632385253906,-13.252662658691406,166.92636108398438,5.35897159576416,-17.998741149902344,166.1038818359375,-12.896410942077637,75.90099334716797,182.15594482421875,12.946879386901855,96.26365661621094,181.86155700683594,-1.7152093648910522,50.8748893737793,154.5077362060547,-64.70191955566406,54.901248931884766,147.78890991210938,-86.11671447753906,23.31739044189453,157.51271057128906,-72.18009948730469,21.776126861572266,155.23410034179688,-98.2884292602539,2.4314019680023193,156.9086456298828,-65.40288543701172,1.0988470315933228,156.447998046875,-83.46355438232422,-17.04770851135254,156.75765991210938,-45.30644226074219,-20.98333740234375,150.69239807128906,-61.93143844604492
18:04:35,distal,70.12086486816406,164.7125244140625,9.85244369506836,80.26839447021484,168.08676147460938,1.466153621673584,39.40449523925781,124.20250701904297,-64.34617614746094,41.37296676635742,123.19976043701172,-78.9179916381836,14.152579307556152,127.7371826171875,-71.1546859741211,13.577342987060547,128.5753631591797,-84.27893829345703,-3.5059852600097656,123.61125183105469,-59.96995162963867,-4.853262424468994,125.24607849121094,-70.65260314941406,-19.539794921875,114.72850799560547,-42.07758712768555,-21.65298080444336,113.1708755493164,-51.24300765991211,96.92015838623047,178.9034881591797,57.55113220214844,106.92660522460938,175.1221923828125,44.76883316040039,69.85911560058594,163.0929412841797,-34.184627532958984,77.48744201660156,157.21188354492188,-50.287010192871094,31.17565155029297,167.84716796875,-47.69406509399414,32.04932403564453,163.74647521972656,-64.73310852050781,8.980762481689453,177.61741638183594,-38.071632385253906,8.408245086669922,177.59974670410156,-55.423797607421875,-17.998741149902344,166.1038818359375,-12.896410942077637,-20.841480255126953,163.7837677001953,-26.388696670532227,96.26365661621094,181.86155700683594,-1.7152093648910522,108.29197692871094,181.41287231445312,-13.697426795959473,54.901248931884766,147.78890991210938,-86.11671447753906,57.132503509521484,145.71998596191406,-103.81651306152344,21.776126861572266,155.23410034179688,-98.2884292602539,20.747005462646484,155.17662048339844,-115.2444839477539,1.0988470315933228,156.447998046875,-83.46355438232422,-0.003861263394355774,158.02719116210938,-97.03675842285156,-20.98333740234375,150.69239807128906,-61.93143844604492,-23.968252182006836,148.62139892578125,-73.74535369873047
18:04:36,metacarpal,21.468955993652344,150.349365234375,36.50530242919922,21.468955993652344,150.349365234375,36.50530242919922,19.565614700317383,137.20819091796875,32.94794845581055,26.2564697265625,137.77313232421875,-22.51577377319336,13.093417167663574,132.58726501464844,29.83721351623535,12.653153419494629,130.5383758544922,-23.10308837890625,3.312286376953125,130.66798400878906,28.205060958862305,-3.8295183181762695,126.46131134033203,-18.636011123657227,-5.683186054229736,133.9414520263672,31.548137664794922,-17.378244400024414,126.44190979003906,-10.236645698547363,27.435388565063477,182.810302734375,94.05553436279297,27.435388565063477,182.810302734375,94.05553436279297,19.18620491027832,196.06590270996094,86.1107406616211,38.030128479003906,182.22116088867188,19.07278060913086,10.8153657913208,195.2622833251953,81.88359832763672,19.717016220092773,180.52105712890625,16.792762756347656,-0.661546528339386,190.87586975097656,79.8667984008789,-1.672817349433899,176.14710998535156,21.24598503112793,-8.776779174804688,182.9483184814453,84.71310424804688,-17.789405822753906,170.4521484375,30.916793823242188,36.692142486572266,183.14736938476562,35.64808654785156,36.692142486572266,183.14736938476562,35.64808654785156,30.57282066345215,168.58425903320312,31.867841720581055,44.37261199951172,167.51072692871094,-35.58448028564453,22.22743034362793,164.8722381591797,27.397987365722656,26.496936798095703,162.76882934570312,-37.72804260253906,10.44253921508789,165.54396057128906,24.104965209960938,5.463669300079346,162.81463623046875,-34.247676849365234,0.613365888595581,171.93765258789062,26.6207218170166,-11.279735565185547,166.593505859375,-26.06129264831543
18:04:36,proximal,21.468955993652344,150.349365234375,36.50530242919922,52.07717514038086,161.46157836914062,18.56672477722168,26.2564697265625,137.77313232421875,-22.51577377319336,31.795228958129883,128.1546630859375,-48.25292205810547,12.653153419494629,130.5383758544922,-23.10308837890625,10.404605865478516,125.50849914550781,-51.49982833862305,-3.8295183181762695,126.46131134033203,-18.636011123657227,-5.851755619049072,122.37223052978516,-46.15926742553711,-17.378244400024414,126.44190979003906,-10.236645698547363,-19.570356369018555,118.9100570678711,-28.663021087646484,27.435388565063477,182.810302734375,94.05553436279297,66.12299346923828,185.59280395507812,74.29024505615234,38.030128479003906,182.22116088867188,19.07278060913086,49.04385757446289,177.3126220703125,-12.251834869384766,19.717016220092773,180.52105712890625,16.792762756347656,18.346790313720703,178.8208770751953,-20.78489875793457,-1.672817349433899,176.14710998535156,21.24598503112793,-2.884321928024292,183.03170776367188,-15.243917465209961,-17.789405822753906,170.4521484375,30.916793823242188,-24.904287338256836,174.974853515625,8.942973136901855,36.692142486572266,183.14736938476562,35.64808654785156,74.91016387939453,181.52523803710938,10.16707706451416,44.37261199951172,167.51072692871094,-35.58448028564453,51.072242736816406,154.75816345214844,-65.20101928710938,26.496936798095703,162.76882934570312,-37.72804260253906,24.541229248046875,158.30606079101562,-73.53465270996094,5.463669300079346,162.81463623046875,-34.247676849365234,2.7833468914031982,158.0400390625,-67.18041229248047,-11.279735565185547,166.593505859375,-26.06129264831543,-16.537948608398438,156.782470703125,-47.528385162353516
18:04:36,intermediate,52.07717514038086,161.46157836914062,18.56672477722168,69.24807739257812,167.6424560546875,8.342879295349121,31.795228958129883,128.1546630859375,-48.25292205810547,34.70149612426758,122.75078582763672,-66.24613189697266,10.404605865478516,125.50849914550781,-51.49982833862305,8.492053031921387,122.41168212890625,-71.19694519042969,-5.851755619049072,122.37223052978516,-46.15926742553711,-8.06430721282959,122.38143157958984,-60.981388092041016,-19.570356369018555,118.9100570678711,-28.663021087646484,-21.545249938964844,115.18637084960938,-42.264339447021484,66.12299346923828,185.59280395507812,74.29024505615234,86.37793731689453,185.6741180419922,60.875938415527344,49.04385757446289,177.3126220703125,-12.251834869384766,57.43061828613281,172.7864227294922,-32.90553283691406,18.346790313720703,178.8208770751953,-20.78489875793457,18.33748435974121,175.85824584960938,-46.97289276123047,-2.884321928024292,183.03170776367188,-15.243917465209961,-2.7182586193084717,185.4167938232422,-36.84592819213867,-24.904287338256836,174.974853515625,8.942973136901855,-29.294015884399414,175.5540008544922,-8.600197792053223,74.91016387939453,181.52523803710938,10.16707706451416,95.11563110351562,180.09487915039062,-4.489104747772217,51.072242736816406,154.75816345214844,-65.20101928710938,54.58515167236328,147.52810668945312,-86.1112289428711,24.541229248046875,158.30606079101562,-73.53465270996094,23.247406005859375,155.8309783935547,-99.32917022705078,2.7833468914031982,158.0400390625,-67.18041229248047,1.2308787107467651,157.9449005126953,-85.57054138183594,-16.537948608398438,156.782470703125,-47.528385162353516,-20.33025360107422,150.93426513671875,-64.20166015625
18:04:36,distal,69.24807739257812,167.6424560546875,8.342879295349121,79.78721618652344,171.16514587402344,0.1111312285065651,34.70149612426758,122.75078582763672,-66.24613189697266,36.09679412841797,121.27689361572266,-81.15019226074219,8.492053031921387,122.41168212890625,-71.19694519042969,6.675321102142334,121.92723083496094,-83.99700164794922,-8.06430721282959,122.38143157958984,-60.981388092041016,-10.495444297790527,124.14544677734375,-71.70862579345703,-21.545249938964844,115.18637084960938,-42.264339447021484,-23.441204071044922,114.38594818115234,-51.67351150512695,86.37793731689453,185.6741180419922,60.875938415527344,96.79447174072266,183.30548095703125,49.12262725830078,57.43061828613281,172.7864227294922,-32.90553283691406,64.67943572998047,168.4980926513672,-49.433162689208984,18.33748435974121,175.85824584960938,-46.97289276123047,18.45599365234375,172.4641876220703,-64.66626739501953,-2.7182586193084717,185.4167938232422,-36.84592819213867,-3.0368995666503906,185.75856018066406,-54.6336784362793,-29.294015884399414,175.5540008544922,-8.600197792053223,-31.8203125,174.48440551757812,-21.545448303222656,95.11563110351562,180.09487915039062,-4.489104747772217,106.539306640625,178.95794677734375,-15.926165580749512,54.58515167236328,147.52810668945312,-86.1112289428711,56.36606216430664,145.10858154296875,-103.5526123046875,23.247406005859375,155.8309783935547,-99.32917022705078,22.383087158203125,155.62368774414062,-116.22013092041016,1.2308787107467651,157.9449005126953,-85.57054138183594,-0.022822991013526917,159.7063751220703,-99.27605438232422,-20.33025360107422,150.93426513671875,-64.20166015625,-23.22481918334961,148.8638458251953,-76.18824005126953
